date,value
2020-06-04,0.005380600942895386
2020-06-05,0.03191563935553421
2020-06-08,0.02160494293973092
2020-06-09,-0.007447392200535807
2020-06-10,-0.014951630678785466
2020-06-11,-0.0686091214362824
2020-06-12,0.018363440713501378
2020-06-15,0.007763632576625046
2020-06-16,0.02043454482716589
2020-06-17,-0.0073752758969163335
2020-06-18,0.0008041661464888161
2020-06-19,-0.00439783828006679
2020-06-22,0.002518473075573846
2020-06-23,0.003472956770671054
2020-06-24,-0.030454616968697223
2020-06-25,0.017279689965771672
2020-06-26,-0.03380370134789723
2020-06-29,0.0206729754963626
2020-06-30,0.013935111419776103
2020-07-01,0.0013818279853723414
2020-07-06,0.02124229404616429
2020-07-07,-0.01319377317773529
2020-07-08,0.00603597594813432
2020-07-09,-0.013666929122861826
2020-07-10,0.025002324166319756
2020-07-13,-0.0025028046388014813
2020-07-14,0.015280221195977273
2020-07-15,0.00953678226595489
2020-07-16,-0.004073025810561015
2020-07-17,-0.006009501012420926
2020-07-20,0.0027919903406716795
2020-07-21,0.010910227216239798
2020-07-22,0.0019428002512582587
2020-07-23,-0.010147213882626072
2020-07-24,-0.0061734239649824385
2020-07-27,0.006995213881195506
2020-07-28,-0.00709623060816289
2020-07-29,0.007462401820114595
2020-07-30,-0.013436032759964744
2020-07-31,-0.002047532362081439
2020-08-03,0.007964160587022429
2020-08-05,0.008475362780469453
2020-08-06,0.003356502747973389
2020-08-07,0.003904694608924286
2020-08-10,0.008123352169768339
2020-08-11,-0.0028307693728640837
2020-08-12,0.016088102593989406
2020-08-13,-0.0027625635477159793
2020-08-14,0.0031532366840565373
2020-08-17,0.0009592895484171748
2020-08-18,-0.0008077911867300225
2020-08-19,-0.004789321163086502
2020-08-20,-0.0010999746502919905
2020-08-21,0.002837388671584451
2020-08-24,0.014895183818180113
2020-08-25,-0.0003577300577828346
2020-08-26,0.004801147868574107
2020-08-27,0.004565061772355383
2020-08-28,0.007959502983535094
2020-08-31,-0.003821419936937742
2020-09-01,0.0006429383449935155
2020-09-03,-0.025867405477424166
2020-09-04,-0.0011026995893701486
2020-09-08,-0.035221853554734506
2020-09-09,0.016810569611134474
2020-09-10,-0.018762646108974712
2020-09-11,0.003473942534589103
2020-09-14,0.012112279418177163
2020-09-15,-0.00014355040392355356
2020-09-16,0.0061751208441596095
2020-09-17,-0.005787095976165113
2020-09-18,-0.007134535054955982
2020-09-21,-0.018033915693085656
2020-09-22,-0.00025464739341274356
2020-09-23,-0.027206954144629147
2020-09-24,0.004665294672121512
2020-09-25,0.012451837452547965
2020-09-28,0.017058352406114086
2020-09-29,-0.009643585367865026
2020-09-30,0.011913612933347695
2020-10-01,0.0012337847397863033
2020-10-05,0.01855535915895201
2020-10-06,-0.017209351189880984
2020-10-07,0.017786022060610307
2020-10-08,0.012266755513361982
2020-10-09,0.004627110283286218
2020-10-12,0.015204643782473548
2020-10-13,-0.007880800715905134
2020-10-14,-0.006703659678824914
2020-10-15,0.0012799661607802992
2020-10-16,-0.0008026640766803927
2020-10-19,-0.014681758867718608
2020-10-20,0.006134795492981793
2020-10-21,-0.008630471684436536
2020-10-22,0.013367817758222378
2020-10-23,0.0031431471202614247
2020-10-26,-0.019325211596963765
2020-10-27,-0.00877770867562544
2020-10-28,-0.03322188169600848
2020-10-29,0.010116996562357317
2020-10-30,-0.0064830045616617316
2020-11-02,0.018794761276614613
2020-11-04,0.013721871273395525
2020-11-05,0.015566490276017309
2020-11-06,-0.0021275425988641627
2020-11-09,0.03885536766008402
2020-11-10,0.008419146037534686
2020-11-11,0.0038530500250157917
2020-11-12,-0.01129573929398453
2020-11-13,0.014988758683730952
2020-11-16,0.020313619018621276
2020-11-17,0.00014900478531698624
2020-11-18,-0.005819081401690074
2020-11-19,0.006126533682163426
2020-11-20,-0.0060199235109544835
2020-11-23,0.01746019749228256
2020-11-24,0.025728350213028772
2020-11-25,-0.0015100324519621289
2020-11-27,0.0008331055682408994
2020-11-30,-0.014126518302256197
2020-12-01,0.011097506232447873
2020-12-03,0.00386323815431866
2020-12-04,0.013626791413945183
2020-12-07,-0.001979931792209233
2020-12-08,0.00408367514413599
2020-12-09,-0.005024153842998147
2020-12-10,0.0028696294075110096
2020-12-11,-0.006275091361212737
2020-12-14,-0.008256127580606343
2020-12-15,0.010493087137687596
2020-12-16,-0.0012370908848696738
2020-12-17,0.0036516980961929235
2020-12-18,-0.0037497867720627243
2020-12-21,0.0004544578262513088
2020-12-22,-0.010508868512362768
2020-12-23,0.00832708567935514
2020-12-24,-0.0004771900379623162
2020-12-28,0.006709959936010534
2020-12-29,-0.0013995000263496982
2020-12-30,0.002227035937489852
2020-12-31,0.006346240167265149
2021-01-04,-0.010000001472758369
2021-01-06,0.014453832633744668
2021-01-07,0.014378150346221918
2021-01-08,0.004016316214089155
2021-01-11,-0.0014544105593667922
2021-01-12,0.006544999164139531
2021-01-13,-0.00020036365000486445
2021-01-14,0.0013213842937818132
2021-01-15,-0.015497840337334146
2021-01-19,0.007551259452343029
2021-01-20,0.010328597384320792
2021-01-21,-0.005881123894687645
2021-01-22,-0.0025627193932700187
2021-01-25,-0.0006723327200349738
2021-01-26,-0.0006077857068792492
2021-01-27,-0.026486648172451832
2021-01-28,0.007531802103578178
2021-01-29,-0.02142102125402845
2021-02-01,0.00980898800568486
2021-02-03,0.01051619763534628
2021-02-04,0.010260397654303866
2021-02-05,0.00346795780434217
2021-02-08,0.01146400463309627
2021-02-09,-0.0003111325841788082
2021-02-10,0.00040638632625622506
2021-02-11,-0.0032589337064129476
2021-02-12,0.00520283653374376
2021-02-16,0.006055811864366101
2021-02-17,0.005287412484903609
2021-02-18,-0.008239516984191342
2021-02-19,0.0014752167920004666
2021-02-22,0.001040136100230793
2021-02-23,0.001331677191240166
2021-02-24,0.01757692561134072
2021-02-25,-0.020530397789133237
2021-02-26,-0.012628212153627083
2021-03-01,0.02279073668924636
2021-03-03,-0.003186682192117374
2021-03-04,-0.00513262102262646
2021-03-05,0.015185848779748934
2021-03-08,-0.001071975114092183
2021-03-09,0.010120331516195735
2021-03-10,0.012984531482228112
2021-03-11,0.0036390190880943862
2021-03-12,0.007239847335742233
2021-03-15,0.0062992178870144855
2021-03-16,-0.004923284894190472
2021-03-17,0.005194608976816006
2021-03-18,-0.013351226045211884
2021-03-19,-0.001564229415628282
2021-03-22,0.003837002773801723
2021-03-23,-0.008946403122502167
2021-03-24,-0.0019904690949847925
2021-03-25,0.005956638944579984
2021-03-26,0.013173196247710406
2021-03-29,0.0006691333983264158
2021-03-30,-0.00044288636745748455
2021-03-31,0.0013232648650418621
2021-04-01,0.008478129411344959
2021-04-06,-0.0018988850196163254
2021-04-07,0.0026218649343336953
2021-04-08,0.001371621159040215
2021-04-09,0.0050653635521809015
2021-04-12,0.001787902118717044
2021-04-13,0.00045204416640087786
2021-04-14,0.00298889538846292
2021-04-15,0.005949460557495678
2021-04-16,0.0022682177606412335
2021-04-19,-0.0019201822658797552
2021-04-20,-0.010768615278643034
2021-04-21,0.008471559634633863
2021-04-22,-0.01156688351176327
2021-04-23,0.011027954933843898
2021-04-26,0.0012626203119536772
2021-04-27,-0.00018435034127461947
2021-04-28,0.0031074861377415885
2021-04-29,0.0085111530077695
2021-04-30,-0.007598354328231638
2021-05-03,0.00860442230109304
2021-05-05,0.008924883065988931
2021-05-06,0.008405654208027302
2021-05-07,0.007909251723699384
2021-05-10,-0.005972369098211083
2021-05-11,-0.012241613152552233
2021-05-12,-0.013612255096969617
2021-05-13,0.008388957550427456
2021-05-14,0.015414453193156819
2021-05-17,0.003757503955396979
2021-05-18,-0.00799004761600186
2021-05-19,-0.006509238916057258
2021-05-20,0.007112922182257453
2021-05-21,0.00310081930693884
2021-05-24,0.008580484318486903
2021-05-25,-0.0046097013234273065
2021-05-26,0.0026467348712140293
2021-05-27,0.0028373897494986533
2021-05-28,0.0004295108692533578
2021-06-01,0.005676987200785133
2021-06-03,-0.00023445956504208887
2021-06-04,0.0066519870096906075
2021-06-07,-0.002533022845024435
2021-06-08,-0.0016058465373852693
2021-06-09,-0.003460706784081613
2021-06-10,0.0016854920804423301
2021-06-11,-7.602063376555002e-05
2021-06-14,-0.0015640836169170669
2021-06-15,-0.0009223183334620133
2021-06-16,-0.004963350884234052
2021-06-17,-0.008184275303848798
2021-06-18,-0.016808688540950856
2021-06-21,0.017238350118729207
2021-06-22,0.0048012025396784175
2021-06-23,0.00046589693764453877
2021-06-24,0.009583005603869266
2021-06-25,0.002394548078424874
2021-06-28,-0.0009971928423722076
2021-06-29,-0.002351805691411246
2021-06-30,0.007066591647078235
2021-07-01,0.005113249502008976
2021-07-06,-0.00993387165853199
2021-07-07,-0.0008332496837215597
2021-07-08,-0.007732115544240914
2021-07-09,0.013375296269952486
2021-07-12,0.005546658007305139
2021-07-13,-0.005359495010620052
2021-07-14,-0.001697625494114452
2021-07-15,-0.00390812261200113
2021-07-16,-0.012312318797164101
2021-07-19,-0.017188000670552706
2021-07-20,0.015703915595729034
2021-07-21,0.013252513849548508
2021-07-22,-0.0019083339350912665
2021-07-23,0.006629990301724842
2021-07-26,0.007457819883558869
2021-07-27,-0.002856213551537201
2021-07-28,0.0026742345749279917
2021-07-29,0.004293336901838085
2021-07-30,-0.008567674774538236
2021-08-02,-0.0014964284172674924
2021-08-04,-0.00882409581693433
2021-08-05,0.0075188996977213485
2021-08-06,0.005318126692761105
2021-08-09,-0.0002757811174263214
2021-08-10,0.00881905790147397
2021-08-11,0.004990055057183085
2021-08-12,0.0036500215547488057
2021-08-13,-0.0014490679674411533
2021-08-16,-0.0011979527415102442
2021-08-17,-0.007277597770460109
2021-08-18,-0.011554597492642316
2021-08-19,-0.0030109312927751875
2021-08-20,0.006941601030342026
2021-08-23,0.012746660662979581
2021-08-24,0.002507009369904001
2021-08-25,0.003175984473803961
2021-08-26,-0.006621053928365317
2021-08-27,0.009864516284519675
2021-08-30,0.00028526650008386945
2021-08-31,-0.0025045017174496476
2021-09-01,-0.004962315066923684
2021-09-03,-0.0013878229624645355
2021-09-07,-0.004805633940239251
2021-09-08,-0.00429938461511814
2021-09-09,-0.00405754205483333
2021-09-10,-0.006426054964424943
2021-09-13,0.009247066123042158
2021-09-14,-0.009055110386272602
2021-09-15,0.011799827459745948
2021-09-16,-0.0032418069059014787
2021-09-17,-0.006784909005380535
2021-09-20,-0.019936424311499557
2021-09-21,4.69090633843372e-05
2021-09-22,0.012525533103520337
2021-09-23,0.015829845024075917
2021-09-24,0.003121946487224969
2021-09-27,0.006248999918155862
2021-09-28,-0.013089362068684829
2021-09-29,0.0035716438199362432
2021-09-30,-0.013225495145933408
2021-10-01,0.013062083583242456
2021-10-05,0.010258754654435931
2021-10-06,0.0020312604386505395
2021-10-07,0.008212674720278867
2021-10-08,0.0025999994771577217
2021-10-11,-0.006002146408555675
2021-10-12,-0.004603078394927795
2021-10-13,-0.0005801790938196882
2021-10-14,0.013372999593717072
2021-10-15,0.011257825504499275
2021-10-18,0.0025265107372409723
2021-10-19,0.007603696410457994
2021-10-20,0.0037852811612022474
2021-10-21,0.0005499999729037253
2021-10-22,0.0018918658224109652
2021-10-25,0.007234174202502164
2021-10-26,0.005255597978460758
2021-10-27,-0.00673805797644722
2021-10-28,0.013352708712508932
2021-10-29,0.0043323861260116114
2021-11-01,0.00568691061694615
2021-11-03,0.004280696990832
2021-11-04,0.0013591729089965643
2021-11-05,0.004260499479463942
2021-11-08,0.0017426618950782125
2021-11-09,-0.004873667185938846
2021-11-10,-0.006270013092197213
2021-11-11,0.0016968336612619428
2021-11-12,0.0050149797477594404
2021-11-15,0.0009373145340649813
2021-11-16,-0.0008174717744929838
2021-11-17,-0.004122193895418125
2021-11-18,0.004948168929552743
2021-11-19,-0.00918208112364971
2021-11-22,0.0038651173756905077
2021-11-23,0.00888147867438227
2021-11-24,0.0010865117884422126
2021-11-26,-0.024990799947275155
2021-11-29,0.005757056485228729
2021-11-30,-0.018401968199277974
2021-12-01,-0.009786300317067509
2021-12-03,-0.005944684382005128
2021-12-06,0.01408434211145937
2021-12-07,0.015902760785793557
2021-12-08,0.0005447906902316113
2021-12-09,-0.0028565096744549434
2021-12-10,0.0045559319611157
2021-12-13,-0.011128012113735486
2021-12-14,0.00013583213622636592
2021-12-15,0.011892076488128733
2021-12-16,-0.0011452058918111074
2021-12-17,-0.0185019563551323
2021-12-20,-0.008052798539710193
2021-12-21,0.015405206113612735
2021-12-22,0.009313226862864399
2021-12-23,0.0059545394470637
2021-12-27,0.011637762823695219
2021-12-28,0.00034534110465234136
2021-12-29,-0.0011702795965914392
2021-12-30,-0.0023134522588307282
2021-12-31,-0.0022256992431529676
2022-01-03,0.016469358046216742
2022-01-05,-0.009911840845808428
2022-01-06,0.0017172022054914304
2022-01-07,0.003322500659299399
2022-01-10,-8.439424925998917e-05
2022-01-11,0.009821313481670702
2022-01-12,0.0008475217558931991
2022-01-13,-0.008746995068011687
2022-01-14,0.0027245737235059853
2022-01-18,-0.01641694034595198
2022-01-19,-0.007474366744952721
2022-01-20,-0.008805664051834139
2022-01-21,-0.022725133274552833
2022-01-24,-0.0008802779918608561
2022-01-25,-0.0021448533855503715
2022-01-26,0.0004933453245361541
2022-01-27,-6.284782979470993e-05
2022-01-28,0.012366529540215554
2022-01-31,0.016282410230850308
2022-02-01,0.01367476259064282
2022-02-03,-0.021733340570964765
2022-02-04,0.008038750595016131
2022-02-07,0.0014870881110389256
2022-02-08,0.003178203041201977
2022-02-09,0.007169385276712292
2022-02-10,-0.01185555342907152
2022-02-11,-0.013239646802078231
2022-02-14,-0.005328299155732741
2022-02-15,0.012828911786402886
2022-02-16,-0.00030850270921201073
2022-02-17,-0.019676840312375266
2022-02-18,-0.009266578289941152
2022-02-22,-0.012482065433685463
2022-02-23,-0.014220674924460996
2022-02-24,4.52034464337725e-05
2022-02-25,0.026483965696336265
2022-02-28,-0.003704281646715879
2022-03-01,-0.01596964333918749
2022-03-03,-0.00805291398231922
2022-03-04,-0.005178071341127799
2022-03-07,-0.021587609218064574
2022-03-08,-0.0004943784505720972
2022-03-09,0.019171588296897024
2022-03-10,-0.0007748849804225522
2022-03-11,-0.009988859774836323
2022-03-14,-0.0024485234165474434
2022-03-15,0.015004177493836979
2022-03-16,0.018791658503164665
2022-03-17,0.015318413002570752
2022-03-18,0.009403982008453049
2022-03-21,7.708515699533791e-06
2022-03-22,0.010520809313059543
2022-03-23,-0.009762189842769997
2022-03-24,0.010855691555039515
2022-03-25,0.006358961875404301
2022-03-28,0.00031154070501249187
2022-03-29,0.0068421879452205125
2022-03-30,-0.004610356020509854
2022-03-31,-0.017720730566755716
2022-04-01,0.002993836494176616
2022-04-05,-0.01219263606446841
2022-04-06,-0.004670420377577478
2022-04-07,0.004886356766239386
2022-04-08,0.004166799113661579
2022-04-11,-0.01678588113435653
2022-04-12,-0.001897917614143818
2022-04-13,0.008300268003320177
2022-04-14,-0.00734864705073901
2022-04-18,0.0034931402190181426
2022-04-19,0.01247757178924025
2022-04-20,-0.010286621707108479
2022-04-21,-0.014923075495665628
2022-04-22,-0.02430527568312202
2022-04-25,0.00044749426180201723
2022-04-26,-0.02628303755729633
2022-04-27,-0.004399180684382942
2022-04-28,0.025919688966754117
2022-04-29,-0.03335307874259985
2022-05-02,0.008492288487722988
2022-05-04,0.03246283553044593
2022-05-05,-0.031522566218720405
2022-05-06,0.000557628874807703
2022-05-09,-0.0341861587078407
2022-05-10,-0.0005066032551813704
2022-05-11,-0.014301769628307981
2022-05-12,0.00026696711106777293
2022-05-13,0.022317444780003193
2022-05-16,0.0008532316941476381
2022-05-17,0.017340131755906762
2022-05-18,-0.04036421198678797
2022-05-19,-0.003162355393816485
2022-05-20,-0.0021718931603683655
2022-05-23,0.023823066200713505
2022-05-24,-0.006278310351309879
2022-05-25,0.010731509032172237
2022-05-26,0.020521753645409646
2022-05-27,0.018641860600707272
2022-05-31,-0.006684570967544934
2022-06-01,-0.007353892711593479
2022-06-03,-0.012797007621561551
2022-06-06,0.0022942803159275993
2022-06-07,0.010199254170889072
2022-06-08,-0.006365435186424184
2022-06-09,-0.025072790781736187
2022-06-10,-0.030297259312692226
2022-06-13,-0.037040138278953916
2022-06-14,-0.004770757592292063
2022-06-15,0.015541248002831187
2022-06-16,-0.02663089268325003
2022-06-17,-0.006002278393423821
2022-06-21,0.0269730127733252
2022-06-22,-0.0037691909498058784
2022-06-23,-0.0002032229829247445
2022-06-24,0.030965503630853597
2022-06-27,-0.0005610349155841243
2022-06-28,-0.01473836317150179
2022-06-29,-0.00253802527274416
2022-06-30,-0.01162972267757556
2022-07-01,0.00999121670475489
2022-07-06,-0.0008514171960536387
2022-07-07,0.018021598109533077
2022-07-08,-0.0005402003311223424
2022-07-11,-0.01362962070946594
2022-07-12,-0.0046759885503396825
2022-07-13,-0.004751768678611268
2022-07-14,-0.006421617274989466
2022-07-15,0.027352838108470445
2022-07-18,-0.001954974369010487
2022-07-19,0.028828126806126786
2022-07-20,0.005863561724128052
2022-07-21,0.007472420764028209
2022-07-22,-0.006892071713697656
2022-07-25,0.004246102768476145
2022-07-26,-0.008734017919888815
2022-07-27,0.022057006513181987
2022-07-28,0.0054733305773642105
2022-07-29,0.014674915684230294
2022-08-01,-0.00042696825580501585
2022-08-03,0.011683259165829352
2022-08-04,-0.005372484009700029
2022-08-05,0.0012194729632617474
2022-08-08,-0.0001905412733215206
2022-08-09,0.0010113191888154738
2022-08-10,0.019643321848428208
2022-08-11,0.004001349872424065
2022-08-12,0.016329265733060483
2022-08-15,0.0002355362543187134
2022-08-16,0.0037533655423420687
2022-08-17,-0.00666064592500859
2022-08-18,0.0038370054696843514
2022-08-19,-0.01099816216049243
2022-08-22,-0.019106075565330283
2022-08-23,0.0020955600710215183
2022-08-24,0.0032145164067947096
2022-08-25,0.013900886504457866
2022-08-26,-0.03229959405865113
2022-08-29,-0.0036459008472001786
2022-08-30,-0.012322309757573313
2022-08-31,-0.0068550763141239646
2022-09-01,0.002725249449752054
2022-09-06,-0.007349716468335599
2022-09-07,0.014734450131987709
2022-09-08,0.009956267837864408
2022-09-09,0.014888174304565238
2022-09-12,0.009372636537373413
2022-09-13,-0.042769220032785826
2022-09-14,0.007061971189973981
2022-09-15,-0.0032276178361699825
2022-09-16,-0.005636552859555888
2022-09-19,0.006216325516746002
2022-09-20,-0.009160905424503318
2022-09-21,-0.016293988162055517
2022-09-22,-0.0049125485450960404
2022-09-23,-0.024630542320098647
2022-09-26,-0.011508819212351695
2022-09-27,-0.0032192093466332228
2022-09-28,0.024010936322295118
2022-09-29,-0.01805502618135546
2022-09-30,-0.014985497520879076
2022-10-03,0.025150621573255094
2022-10-05,-0.0019467967728674651
2022-10-06,-0.008777243236286925
2022-10-07,-0.025628337980741822
2022-10-10,-0.0031094673200339207
2022-10-11,-0.008256770577750316
2022-10-12,0.0028116250656555763
2022-10-13,0.031970431389618525
2022-10-14,-0.01845626794521593
2022-10-17,0.0257101979980654
2022-10-18,0.010893433633871297
2022-10-19,0.000990372232430703
2022-10-20,-0.005977487931175807
2022-10-21,0.03065315673449942
2022-10-24,0.010304417246073339
2022-10-25,0.011724008179107237
2022-10-26,-0.0033812779356784395
2022-10-27,-0.004754412474506475
2022-10-28,0.01769807216938779
2022-10-31,-0.006887072065577482
2022-11-01,-0.0003833808207652778
2022-11-03,-0.0011909761941253372
2022-11-04,0.013938808849212725
2022-11-07,0.01140490746774292
2022-11-08,0.004055295650164492
2022-11-09,-0.02022022555144476
2022-11-10,0.04516611075839627
2022-11-11,0.010389695221663109
2022-11-14,-0.005575200027762239
2022-11-15,0.00697629106449682
2022-11-16,-0.009282280456755831
2022-11-17,-0.0026701642711007834
2022-11-18,0.00274120234450681
2022-11-21,-0.003615353272459987
2022-11-22,0.013655205615030086
2022-11-23,0.0036540787491095017
2022-11-25,0.0005363757047387452
2022-11-28,-0.014075897970772244
2022-11-29,0.001043408131930601
2022-11-30,0.026334396564002827
2022-12-01,-0.0009615822904197602
2022-12-05,-0.01836820008977791
2022-12-06,-0.016628205339510926
2022-12-07,-0.0017455840346353169
2022-12-08,0.006680494797880243
2022-12-09,-0.0076288306795039285
2022-12-12,0.0129703950052511
2022-12-13,0.008015730713538671
2022-12-14,-0.005352522987064234
2022-12-15,-0.023129403068725463
2022-12-16,-0.010212664127339455
2022-12-19,-0.003900826524837364
2022-12-20,0.0016787508601350254
2022-12-21,0.016000428047297177
2022-12-22,-0.017326982858850037
2022-12-23,0.006234197407700037
2022-12-27,-0.006836911080946639
2022-12-28,-0.00862641773006012
2022-12-29,0.015152872212319757
2022-12-30,0.0001489976401483073
2023-01-03,-0.004344203603384389
2023-01-05,-0.005908792976287658
2023-01-06,0.01970798579219246
2023-01-09,-0.0028794443418618254
2023-01-10,0.006346229595503683
2023-01-11,0.009423296468880293
2023-01-12,0.0057219123180280995
2023-01-13,0.008206136695626753
2023-01-17,-0.0019358936546116645
2023-01-18,-0.01717291946113597
2023-01-19,-0.008127708435723857
2023-01-20,0.01746613688928278
2023-01-23,0.01170989601193595
2023-01-24,-0.0016084071723013738
2023-01-25,0.0018861055132999294
2023-01-26,0.013454690384839374
2023-01-27,0.004068202388862074
2023-01-30,-0.014070699562386602
2023-01-31,0.012138111567006282
2023-02-01,0.00609676264277037
2023-02-03,-0.0072930411229863434
2023-02-06,-0.00047204778282983195
2023-02-07,0.011820426721222077
2023-02-08,-0.005339155788294581
2023-02-09,-0.007920530383224267
2023-02-10,0.004353678581204834
2023-02-13,0.010594254433671901
2023-02-14,0.0018987911455452533
2023-02-15,0.00019218918597352364
2023-02-16,-0.014324850054133531
2023-02-17,-0.0008135113944077732
2023-02-21,-0.01735372090996201
2023-02-22,-0.002575046892409949
2023-02-23,0.006696081362354889
2023-02-24,-0.008055010665119045
2023-02-27,0.0036539567983719934
2023-02-28,-0.005123914857829148
2023-03-01,-0.0016479866042334868
2023-03-03,0.015422092242507679
2023-03-06,0.0011003529963631298
2023-03-07,-0.01770700312272122
2023-03-08,-0.002789718523489415
2023-03-09,-0.021110509937863786
2023-03-10,-0.00805513921994061
2023-03-13,-0.008459989143883684
2023-03-14,0.01739150972191128
2023-03-15,-0.011180926515806378
2023-03-16,0.015025868550472277
2023-03-17,-0.015102722751067832
2023-03-20,0.010020601144982821
2023-03-21,0.01662530569252585
2023-03-22,-0.017755533810261626
2023-03-23,0.0016643186794051967
2023-03-24,0.0018249310286020393
2023-03-27,0.009072625630379472
2023-03-28,-0.0010292032694289022
2023-03-29,0.012231773214515407
2023-03-30,0.004095870520484102
2023-03-31,0.013307515372199541
2023-04-03,0.011924535419941318
2023-04-05,-7.825047113629857e-05
2023-04-06,0.0021945950602679787
2023-04-10,0.0013984010788001822
2023-04-11,0.003507422939905469
2023-04-12,-0.003266883593115555
2023-04-13,0.012678981472587392
2023-04-14,0.002118364170300868
2023-04-17,0.0033431313769809456
2023-04-18,0.0011511859436463823
2023-04-19,-0.0018116194828765586
2023-04-20,-0.006429971564976378
2023-04-21,0.00046706683738451105
2023-04-24,0.003052039162801501
2023-04-25,-0.013059109323752982
2023-04-26,-0.00816738409031248
2023-04-27,0.015569690125370572
2023-04-28,0.007783974898362578
2023-05-01,-0.00026828868672335027
2023-05-03,-0.008978691218474166
2023-05-04,-0.009994446648890376
2023-05-05,0.01740744495265112
2023-05-08,0.0020214252727033255
2023-05-09,-0.001713527963876027
2023-05-10,-0.00029553972437257325
2023-05-11,-0.0005624275794278155
2023-05-12,-0.004086305868695184
2023-05-15,0.004159130644255438
2023-05-16,-0.008692072007392082
2023-05-17,0.018012321197322434
2023-05-18,0.007301540779797833
2023-05-19,-0.0015530635229852319
2023-05-22,0.0014087514976428572
2023-05-23,-0.0038691731359850046
2023-05-24,-0.006647746720963799
2023-05-25,0.0040343092727701535
2023-05-26,0.009841464564806612
2023-05-30,-0.0007219053677131049
2023-05-31,-0.006721079777382899
2023-06-01,0.01124242210765547
2023-06-05,-0.0039030193975593264
2023-06-06,0.0018990758385437623
2023-06-07,0.004192228030442724
2023-06-08,0.007428214615861739
2023-06-09,0.001974627266029483
2023-06-12,0.005246746864068896
2023-06-13,0.008292223239909191
2023-06-14,-0.006523802948334434
2023-06-15,0.01154058211627862
2023-06-16,-0.003062508145851184
2023-06-20,-0.005071753676858637
2023-06-21,-0.0036862011056869592
2023-06-22,-0.0009229843680939043
2023-06-23,-0.006888010065439043
2023-06-26,-0.005329798127751917
2023-06-27,0.0060730403727622395
2023-06-28,0.0008734410222812627
2023-06-29,0.005531629302961916
2023-06-30,0.011084725010422458
2023-07-03,0.004133611100132439
2023-07-06,-0.01353182499933625
2023-07-07,0.0004116096011652637
2023-07-10,0.001723014029603842
2023-07-11,0.010629693777767457
2023-07-12,0.006494231885216806
2023-07-13,0.007758218295193409
2023-07-14,-0.0019504233217120248
2023-07-17,0.002743160258146249
2023-07-18,0.012437185730687306
2023-07-19,0.005316089350515751
2023-07-20,0.0002537308076639988
2023-07-21,-0.0015532111919469571
2023-07-24,0.007754623189514032
2023-07-25,0.002792337091856556
2023-07-26,0.004155040434280277
2023-07-27,-0.0033654084100696036
2023-07-28,0.008486723610134916
2023-07-31,0.00283608395647561
2023-08-01,-0.0031280793096182258
2023-08-03,-5.8371556688197046e-05
2023-08-04,-0.004832802406212422
2023-08-07,0.010770120490044999
2023-08-08,-0.005191397056874769
2023-08-09,-0.006422278901210388
2023-08-10,-4.069992335298256e-05
2023-08-11,0.0029918688112022807
2023-08-14,0.0025418215197146043
2023-08-15,-0.013849674062889394
2023-08-16,-0.008342283009240115
2023-08-17,-0.007455793395190202
2023-08-18,-6.602633282171144e-05
2023-08-21,0.0038687146361373603
2023-08-22,-0.007128275224907221
2023-08-23,0.008705434846588922
2023-08-24,-0.01181787259046907
2023-08-25,0.006605579641237647
2023-08-28,0.007805586541008269
2023-08-29,0.012074540821974455
2023-08-30,0.0013510883706282506
2023-08-31,-0.003283791097811406
2023-09-01,0.0029894679398463353
2023-09-06,-0.006900697849198778
2023-09-07,-0.000813659329323535
2023-09-08,0.0015741522630048355
2023-09-11,0.007684739135914276
2023-09-12,0.0028734003356021276
2023-09-13,-0.001814785970121191
2023-09-14,0.01051446292203484
2023-09-15,-0.010507374316220841
2023-09-18,0.0006365931899390276
2023-09-19,-0.0022152730374782603
2023-09-20,-0.009078023897692189
2023-09-21,-0.014002234594972185
2023-09-22,-0.004830524168752182
2023-09-25,0.004554754607473566
2023-09-26,-0.012566609423768194
2023-09-27,0.00011168904227942811
2023-09-28,0.0042054894596730286
2023-09-29,-0.005210482400594185
2023-10-02,-0.003463163538180547
2023-10-04,0.0010733030821170608
2023-10-05,-0.003479315467576405
2023-10-06,0.008376088499874479
2023-10-09,0.008110860642709383
2023-10-10,0.005606118445917518
2023-10-11,-0.0009729568403691324
2023-10-12,-0.0064884469808379475
2023-10-13,-0.0012518473148671605
2023-10-16,0.00844059759202187
2023-10-17,0.001377901938858006
2023-10-18,-0.01316046031408813
2023-10-19,-0.0047421723569847085
2023-10-20,-0.010398462339683112
2023-10-23,-0.003137294242169686
2023-10-24,0.006094127283863049
2023-10-25,-0.00969803677026293
2023-10-26,-0.008059111155396592
2023-10-27,-0.011948474799383879
2023-10-30,0.015333811394407038
2023-10-31,0.003146057602583685
2023-11-01,0.006969936172768643
2023-11-03,0.008639248533675259
2023-11-06,0.0011513718401219286
2023-11-07,-0.002289931399446221
2023-11-08,-0.0013303880677644209
2023-11-09,-0.009712639969749914
2023-11-10,0.012547145704846718
2023-11-13,0.0037299500877403524
2023-11-14,0.016713324639445304
2023-11-15,0.0043056047765579475
2023-11-16,-0.0032937703365045756
2023-11-17,0.00435532828330909
2023-11-20,0.00439711453498326
2023-11-21,-0.0015111591095274823
2023-11-22,0.002218453488324723
2023-11-24,0.0017339550848554097
2023-11-27,-0.0019256962202260919
2023-11-28,0.0024187453845283535
2023-11-29,-0.0016124475628076507
2023-11-30,0.007288579964297437
2023-12-01,0.004084733224923198
2023-12-05,-0.001799679879162408
2023-12-06,-0.0032423344652496855
2023-12-07,0.005745842100370435
2023-12-08,0.0064527289927602816
2023-12-11,-0.000821010917565701
2023-12-12,0.0030731958042158336
2023-12-13,0.01241777508752162
2023-12-14,0.012228545392020118
2023-12-15,0.001372553833058232
2023-12-18,0.004508577051649976
2023-12-19,0.009278699775248755
2023-12-20,-0.012438878918079155
2023-12-21,0.009518419434069392
2023-12-22,0.0020677459326150505
2023-12-26,0.005578462878333301
2023-12-27,0.002024077735899965
2023-12-28,-0.0015962672018997592
2023-12-29,-0.0023755749534319914
2024-01-02,0.0035079721519806206
2024-01-04,-0.0021601955694943165
2024-01-05,0.004010702318299364
2024-01-08,0.003796125406003714
2024-01-09,-0.004626020213295834
2024-01-10,0.003063224942459142
2024-01-11,-0.002646009589749365
2024-01-12,-0.002256399295896494
2024-01-16,-0.010834213711334972
2024-01-17,-0.005407651502120858
2024-01-18,0.004209031248999295
2024-01-19,0.00952829677386613
2024-01-22,0.0031658557826916844
2024-01-23,0.0005794129269440784
2024-01-24,0.004150496801346382
2024-01-25,0.002556205576753845
2024-01-26,0.0029233501116496807
2024-01-29,0.005493520438427435
2024-01-30,0.0025130113723010883
2024-01-31,-0.010824427994991503
2024-02-01,0.008665914778071215
2024-02-05,-0.006218745358269273
2024-02-06,0.004175258554725225
2024-02-07,0.007288502850238743
2024-02-08,0.00011627183874529656
2024-02-09,-0.0011231168262594293
2024-02-12,0.00365789269130512
2024-02-13,-0.013510896650512194
2024-02-14,0.006957067207226109
2024-02-15,0.014362432960254967
2024-02-16,-0.0020556472071504572
2024-02-20,-0.0030655372029564365
2024-02-21,0.0039348336127931205
2024-02-22,0.013685084113384649
2024-02-23,0.0006371162092040361
2024-02-26,-0.0024454760475937087
2024-02-27,0.0006228651245625549
2024-02-28,-0.000897279947246421
2024-02-29,0.0016839594117989964
2024-03-01,0.003844865630250771
2024-03-05,-0.004753685709629418
2024-03-06,0.0031243891292658255
2024-03-07,0.007700142842024027
2024-03-08,-0.002102919643891088
2024-03-11,0.0028275128466743737
2024-03-12,0.006796147154332077
2024-03-13,0.003025958920319871
2024-03-14,-0.0016911038144392654
2024-03-15,-0.0020745350717328304
2024-03-18,0.007549598535952384
2024-03-19,0.0057917042219821635
2024-03-20,0.009611578641048446
2024-03-21,0.004557468676035237
2024-03-22,-0.0028205780454062523
2024-03-25,-0.001399117516889703
2024-03-26,-0.000855188996416345
2024-03-27,0.011432967054528342
2024-03-28,0.0002857867194592245
2024-04-01,-0.0007523752881298806
2024-04-03,0.0016930436810964622
2024-04-04,-0.010507240989269473
2024-04-05,0.009442938883761798
2024-04-08,-8.297079907682026e-06
2024-04-09,0.0007384574613062966
2024-04-10,-0.00762914568560602
2024-04-11,0.00038626237293493126
2024-04-12,-0.014789073820988818
2024-04-15,-0.006657017846193547
2024-04-16,-0.0022831813136633405
2024-04-17,0.00021857363512811645
2024-04-18,0.002110431043716332
2024-04-19,-0.002434364476308737
2024-04-22,0.008734834435228489
2024-04-23,0.00992229440940573
2024-04-24,7.011513844856765e-06
2024-04-25,-0.0044533747120304445
2024-04-26,0.005287458287375424
2024-04-29,0.0065987956856210506
2024-04-30,-0.013693089131930125
2024-05-01,-0.002755172526495042
2024-05-03,0.008463942639731048
2024-05-06,0.0082232121516006
2024-05-07,0.0005404599546070532
2024-05-08,0.0009498235810263544
2024-05-09,0.0074213064184085464
2024-05-10,0.0008451000305684797
2024-05-13,5.150093631067776e-05
2024-05-14,0.0031392337279461113
2024-05-15,0.007539317571982673
2024-05-16,0.002567564600708172
2024-05-17,0.003921795855355459
2024-05-20,-0.004519836886897832
2024-05-21,0.005236608363886397
2024-05-22,-0.00589746344370079
2024-05-23,-0.011518748022807612
2024-05-24,0.004568400740262435
2024-05-28,-0.00320992858701008
2024-05-29,-0.00976759166153296
2024-05-30,-0.0002055650657346586
2024-05-31,0.013402140998516776
2024-06-03,-0.0012556732375991198
2024-06-05,0.006658406367799685
2024-06-06,0.0009403969953354352
2024-06-07,-0.0007374270250419812
2024-06-10,-0.00012054289369034521
2024-06-11,-0.0031506082816488146
2024-06-12,0.0013825201270842857
2024-06-13,-0.000541739680922082
2024-06-14,-0.0019493121612956799
2024-06-17,0.007181676508074997
2024-06-18,0.0032390233712102923
2024-06-20,0.003447114902639159
2024-06-21,-0.0010614867858710353
2024-06-24,0.006869294676895787
2024-06-25,-0.0025599112364572685
2024-06-26,0.0015247876102355562
2024-06-27,0.0011544662923541615
2024-06-28,0.0006023175855638385
2024-07-01,0.0037856387011063752
2024-07-03,0.002695756698646523
2024-07-05,0.0026208445672211145
2024-07-08,-0.00040185642187107184
2024-07-09,0.0024421203109192824
2024-07-10,0.009509122376145207
2024-07-11,-0.005265849448689797
2024-07-12,-0.0006961744721770691
2024-07-15,0.0053320300929915465
2024-07-16,0.013825316557888767
2024-07-17,0.0015985090804393476
2024-07-18,-0.009454862010646159
2024-07-19,-0.005383932695047888
2024-07-22,0.003146698517629609
2024-07-23,-0.0006001947046355705
2024-07-24,-0.014514193428286193
2024-07-25,0.003575682628562893
2024-07-26,0.017370626622271734
2024-07-29,-0.0021478368361428357
2024-07-30,-0.00022481058757384265
2024-07-31,0.004217818879286295
2024-08-01,-0.011857973299986613
2024-08-05,-0.025782325364084868
2024-08-06,0.005990159650867799
2024-08-07,-0.005148183266534656
2024-08-08,0.019241358162296995
2024-08-09,0.0019474803014629671
2024-08-12,-0.0017691401810133733
2024-08-13,0.011232097625500481
2024-08-14,0.00500702346370252
2024-08-15,0.015528373142399188
2024-08-16,0.003944707930457092
2024-08-19,0.009452335795269162
2024-08-20,-0.004483489942620267
2024-08-21,0.0020045413102061094
2024-08-22,-0.005017870132699498
2024-08-23,0.0120114444452184
2024-08-26,0.0006689344704928768
2024-08-27,-0.003276531033781005
2024-08-28,-0.004477330682720493
2024-08-29,0.003036208737115631
2024-08-30,0.008988816922015586
2024-09-03,-0.02016966845100332
2024-09-05,-0.00241222490674875
2024-09-06,-0.017668586990031154
2024-09-09,0.01042053688928779
2024-09-10,-0.0015663425554420796
2024-09-11,0.0015142778600611972
2024-09-12,0.005698696449593976
2024-09-13,0.00663119893109565
2024-09-16,0.006762102569648265
2024-09-17,0.0024754193155296367
2024-09-18,-0.000985695571350309
2024-09-19,0.015536470585891804
2024-09-20,-0.0019184166977371797
2024-09-23,0.003503844431761882
2024-09-24,0.0027710754827698914
2024-09-25,-0.006280329573876142
2024-09-26,0.0017685103060158802
2024-09-27,0.004949665846029072
2024-09-30,0.004399984862935469
2024-10-01,-0.0018771795356913312
2024-10-03,-0.002597071982473609
2024-10-04,0.012245948151825559
2024-10-07,-0.006186727159605554
2024-10-08,0.0024625967226763468
2024-10-09,0.006316261397737444
2024-10-10,-0.0020239092911130685
2024-10-11,0.007939844698969134
2024-10-14,0.004490719105237684
2024-10-15,-0.007818824748747844
2024-10-16,0.006306437478870164
2024-10-17,-0.0017804202241256117
2024-10-18,0.0011442216124113447
2024-10-21,-0.0038765912800736713
2024-10-22,-0.0014610609620114845
2024-10-23,-0.00848284345073913
2024-10-24,0.005963724336912168
2024-10-25,-0.003644405232302139
2024-10-28,0.004711919982592905
2024-10-29,-0.003875440693368648
2024-10-30,0.00011870114503165219
2024-10-31,-0.009011362884880136
2024-11-01,0.0024864070715264752
2024-11-05,0.010327746183892428
2024-11-06,0.03813464505373543
2024-11-07,-0.0008944624086794084
2024-11-08,0.004640704025309139
2024-11-11,0.0009219009921475063
2024-11-12,-0.007022867278946521
2024-11-13,0.0014498602912120795
2024-11-14,-0.004617816376700112
2024-11-15,-0.008443177741789154
2024-11-18,0.006665456469572728
2024-11-19,0.0013504650552331743
2024-11-20,0.0022794446355220987
2024-11-21,0.005529023840753489
2024-11-22,0.008184443300568
2024-11-25,0.003218554473633173
2024-11-26,0.004143737922358115
2024-11-27,-0.0003534413555587035
2024-11-29,0.005155350697453098
2024-12-02,-0.00024849435818685706
2024-12-04,-0.0021251536635638058
2024-12-05,0.000978527851945632
2024-12-06,-0.0010051949641134428
2024-12-09,-0.0021682784383422193
2024-12-10,-0.001339287378335885
2024-12-11,0.0007376808770418464
2024-12-12,-0.006101437687614619
2024-12-13,-0.0018513273335256653
2024-12-16,-0.0019434696125015805
2024-12-17,-0.0031991525424303058
2024-12-18,-0.024669033352686
2024-12-19,-0.0014920265860863813
2024-12-20,0.008997170206011207
2024-12-23,0.00525307576171441
2024-12-24,0.012154107688546745
2024-12-26,0.00016438986059785776
2024-12-27,-0.007806932303516034
2024-12-30,-0.009615319960517454
2024-12-31,0.00015054280158821598
2025-01-02,-0.002364807239732758
2025-01-06,0.004473095946990746
2025-01-07,-0.0023396694288477793
2025-01-08,-0.0006843871201938079
2025-01-10,-0.011033324835189151
2025-01-13,0.009975356039334304
2025-01-14,0.001240229478804089
2025-01-15,0.019877807402920222
2025-01-16,-0.0006349644860119685
2025-01-17,0.010697280480489013
2025-01-21,0.008076426802388292
2025-01-22,-0.00034654608754580707
2025-01-23,0.01062995115660681
2025-01-24,-0.0025143068605253394
2025-01-27,0.0049689797780387845
2025-01-28,0.0010639024058405333
2025-01-29,-0.0017133057293771126
2025-01-30,0.005633965826324916
2025-01-31,-0.0064512220223730266
2025-02-03,-0.004856378974130382
2025-02-05,0.002700181314503558
2025-02-06,0.0035484977504487425
2025-02-07,-0.008481311951449189
2025-02-10,0.003850361026366489
2025-02-11,0.003583447556432251
2025-02-12,0.0010250044842843309
2025-02-13,0.008584413557903625
2025-02-14,-2.3986884908455686e-05
2025-02-18,0.0006086573905554893
2025-02-19,0.003900834780588447
2025-02-20,-0.007767233928705819
2025-02-21,-0.015160907873454588
2025-02-24,-0.003510083456091273
2025-02-25,-0.0033387553277093307
2025-02-26,-0.004683629959625346
2025-02-27,-0.004402863230088316
2025-02-28,0.017986703740726195
2025-03-03,-0.018670434450391293
2025-03-05,0.010308428944944215
2025-03-06,-0.013369034009315217
2025-03-07,0.003909438246706198
2025-03-10,-0.02320205982117296
2025-03-11,-0.0031987469175981387
2025-03-12,0.004511228406850698
2025-03-13,-0.011361879869351221
2025-03-14,0.019496618511573693
2025-03-17,0.008281155206582236
2025-03-18,-0.007109779391124338
2025-03-19,0.012198888278540432
2025-03-20,0.000968109954986085
2025-03-21,0.0019534252897517312
2025-03-24,0.017108010667297613
2025-03-25,0.000139175943237424
2025-03-26,-0.006962839109073138
2025-03-27,-0.004579927509164472
2025-03-28,-0.017059518289882836
2025-03-31,0.007384852361739913
2025-04-01,-0.0005126336776817286
2025-04-03,-0.04805000819510841
2025-04-04,-0.06459742555426795
2025-04-07,-0.0026494615376684294
2025-04-08,-0.012048253147370569
2025-04-09,0.08479297245332584
2025-04-10,-0.03514919866277355
2025-04-11,0.014628070544965288
2025-04-14,0.0076215964664279046
2025-04-15,-0.0014074650335873518
2025-04-16,-0.017721802988954316
2025-04-17,0.0033748964997530884
2025-04-21,-0.0196705449685749
2025-04-22,0.027741545497012465
2025-04-23,0.012375244039542821
2025-04-24,0.015746472651765986
2025-04-25,0.006940533711765395
2025-04-28,0.0025273504620859644
2025-04-29,0.0042801727883332585
2025-04-30,-0.0008098761585558778
2025-05-01,0.004954946710350683
2025-05-05,-0.00781976825826558
2025-05-06,-0.009900579220511463
2025-05-07,0.00247248217381979
2025-05-08,0.007311156566526478
2025-05-09,-0.0006420212459504748
2025-05-12,0.029773640299143755
2025-05-13,-0.000642446063229607
2025-05-14,-0.00128749716360399
2025-05-15,0.00367746604011554
2025-05-16,0.008964236050044594
2025-05-19,0.0013973219703051765
2025-05-20,-0.0018519201264003415
2025-05-21,-0.01688424897204477
2025-05-22,-0.001085867862836154
2025-05-23,-0.00299849721641654
2025-05-27,0.01739974100240338
2025-05-28,-0.005659255667272212
2025-05-29,0.005521543009631813
2025-05-30,-9.818236828307292e-05
2025-06-02,0.0028186646805501425
2025-06-04,-0.0023351741751305166
2025-06-05,-0.007633636162431734
2025-06-06,0.013118644472555507
2025-06-09,0.003586841103359717
2025-06-10,0.006756066661002702
2025-06-11,0.0010358030117638695
2025-06-12,0.0004962780765223052
2025-06-13,-0.006876835964522043
2025-06-16,0.005334059068831776
2025-06-17,-0.008515095628526592
2025-06-18,0.0016774002852300018
2025-06-20,0.0007434216465580512
2025-06-23,0.007583695997538831
2025-06-24,0.006216103316989852
2025-06-25,-0.0013447251080359601
2025-06-26,0.010205024659247108
2025-06-27,0.007505778645850558
2025-06-30,0.0020847760643971647
2025-07-01,0.007327363272138676
2025-07-03,0.004863428537624115
2025-07-07,-0.008685019905277369
2025-07-08,0.00032957527128707476
2025-07-09,0.0045349976570097095
2025-07-10,0.006109829065988448
2025-07-11,-0.0005385364189148811
2025-07-14,0.0005776501441403514
2025-07-15,-0.009140926821175621
2025-07-16,0.003346815124132041
2025-07-17,0.006089567952981767
2025-07-18,-0.006147873307084106
2025-07-21,0.00023556806830615784
2025-07-22,0.00606547134907065
2025-07-23,0.010807005259474423
2025-07-24,-0.002716484019364529
2025-07-25,0.004796479932911213
2025-07-28,-0.00013052560449600126
2025-07-29,-0.0031320669595517048
2025-07-30,-0.003325709194947013
2025-07-31,-0.008123978141828303
2025-08-01,-0.01202147984634605
2025-08-05,0.00271831160094127
2025-08-06,0.005072000712815994
2025-08-07,0.0010346968974597193
2025-08-08,0.011018064228923041
2025-08-11,-0.001307264508883188
2025-08-12,0.012529004550192013
2025-08-13,0.0032663598720192866
2025-08-14,0.0021573427167131953
2025-08-15,0.0002797689484370647
2025-08-18,0.0015682236380842873
2025-08-19,-0.0020987636109326413
2025-08-20,-0.00011675644511965899
2025-08-21,-0.001645629218934186
2025-08-22,0.017474433932042288
2025-08-25,-0.003542813039179804
2025-08-26,0.0031535924622068112
2025-08-27,0.003219480084280635
2025-08-28,0.0011298345651331587
2025-08-29,-0.0005527556556950142
2025-09-02,-0.001978618463854054
2025-09-04,0.010149169016254067
2025-09-05,-0.005920632954529603
2025-09-08,-0.003269753956143262
2025-09-09,0.009118741403458808
2025-09-10,0.0006901565704993118
2025-09-11,0.009676807594511061
2025-09-12,-0.0017936721597895389
2025-09-15,0.0022615507460630457
2025-09-16,0.0030181070579278213
2025-09-17,0.0038801475571925703
2025-09-18,0.0012830440993436554
2025-09-19,0.0030821709196131586
2025-09-22,-0.000643689842049544
2025-09-23,0.0008271524739980052
2025-09-24,-0.0014376722308840906
2025-09-25,-0.004910111558260266
2025-09-26,0.007685176876436328
2025-09-29,-0.0011458646758654156
2025-09-30,0.0035551586550699454
2025-10-01,0.003713057603617731
2025-10-03,0.0018423478736753207
2025-10-06,0.000327689246547358
2025-10-07,-0.0008084449347374179
2025-10-08,-0.0014591240815179374
2025-10-09,-0.003026334802094466
2025-10-10,-0.018912409026521693
2025-10-13,0.012969221959794552
2025-10-14,0.005776598467852168
2025-10-15,0.004879964137810333
2025-10-16,-0.0062563109998931
2025-10-17,0.005508236386715382
2025-10-20,0.01214039416880719
2025-10-21,0.0010506296294026107
2025-10-22,-0.005996076903915015
2025-10-23,0.005507393605895361
2025-10-24,0.004606257976686123
2025-10-27,0.009789927994962033
2025-10-28,-0.0013554759297891295
2025-10-29,-0.0014040081069705002
2025-10-30,-0.008990515161134471
2025-10-31,0.003084877299038835
2025-11-03,-0.0035140207021100434
2025-11-05,0.0033845363339868317
2025-11-06,-0.005807559315958666
2025-11-07,0.0021875391348873396
2025-11-10,0.008990663440680002
2025-11-11,0.011216543010988733
2025-11-12,0.001355184496043771
2025-11-13,-0.011756548753016904
2025-11-14,-0.0031501359012268138
2025-11-17,-0.007807026662759453
2025-11-18,-0.003254253425968079
2025-11-19,-0.0016522248240412596
2025-11-20,-0.010768605021813538
2025-11-21,0.009586902404534081
2025-11-24,0.00862905788296131
2025-11-25,0.010307657898555922
2025-11-26,0.006919981137536002
2025-11-28,0.007149407075751846
2025-12-01,-0.005779979748601005
2025-12-03,0.009556640238665759
2025-12-04,0.0016825561282081125
2025-12-05,-0.001287246086288274
2025-12-08,-0.005460397842822928
2025-12-09,-0.001683173282218453
2025-12-10,0.009460183216096985
2025-12-11,0.006509337472973886
2025-12-12,0.00033005856626378005
2025-12-15,0.0010981496502826538
2025-12-16,-0.00937726839614017
2025-12-17,-0.0026717586215352362
2025-12-18,0.0015825051683409086
2025-12-19,0.0053646537002216554
2025-12-22,0.0064870148102378344
2025-12-23,0.000792254583889429
2025-12-24,0.004705236817986069
2025-12-26,-0.0006512625650478832
2025-12-29,-0.0037203613358418597
2025-12-30,-0.00021920200472924645
2025-12-31,-0.005697534915263813
2026-01-02,0.009994594575069682
2026-01-06,0.000703552744605318
2026-01-07,-0.008650440476808186
2026-01-08,0.008766697558308945
2026-01-09,0.0058251925041619135
2026-01-12,0.0009310507246991229
2026-01-13,0.0011353465630887793
2026-01-14,-0.0033048113945042257
2026-01-15,0.0052966682989834535
2026-01-16,-0.0035263400062840455
2026-01-20,-0.014964637510530676
2026-01-21,0.009664177372592286
2026-01-22,0.005481422596993468
2026-01-23,0.0010823549724376935
2026-01-26,0.003898112283537314
2026-01-27,-0.004530377233058935
2026-01-28,-0.0022004936780961604
2026-01-29,0.005053126869780211
2026-01-30,0.004354324363172735
2026-02-02,0.006159835906574207
