date,portfolio_value
2020-06-03,1010687.9024029832
2020-06-04,1016137.6000113637
2020-06-05,1035425.8155320775
2020-06-08,1043280.9065650963
2020-06-09,1060392.1354863418
2020-06-10,1050204.7374915078
2020-06-11,987137.9084168504
2020-06-12,1003633.9680052155
2020-06-15,1021612.2280312618
2020-06-16,1038564.9803154147
2020-06-17,1036053.3962098686
2020-06-18,1036862.1248368055
2020-06-19,1036802.2527000793
2020-06-22,1041138.5021296135
2020-06-23,1053989.5860923883
2020-06-24,1027601.0678414179
2020-06-25,1045583.1948499568
2020-06-26,1004954.5546671903
2020-06-29,1015317.6094983584
2020-06-30,1036925.729248572
2020-07-01,1055767.89528739
2020-07-06,1113989.5243015545
2020-07-07,1112854.8348568322
2020-07-08,1121393.031768819
2020-07-09,1135067.4560204821
2020-07-10,1182896.5518445976
2020-07-13,1157233.7889917877
2020-07-14,1166067.9755164455
2020-07-15,1168635.4946553768
2020-07-16,1159348.3461438133
2020-07-17,1141685.3306115428
2020-07-20,1192353.4748267583
2020-07-21,1160422.9747389194
2020-07-22,1162007.392412379
2020-07-23,1129963.4568758921
2020-07-24,1113607.5949227987
2020-07-27,1149933.8408187723
2020-07-28,1127733.80419933
2020-07-29,1134717.730539421
2020-07-30,1132731.8115862305
2020-07-31,1135964.6315600767
2020-08-03,1150768.2136785034
2020-08-05,1153744.8641188655
2020-08-06,1162251.6586383786
2020-08-07,1152729.4181604013
2020-08-10,1153556.6811672973
2020-08-11,1131112.1506846878
2020-08-12,1170604.5929992474
2020-08-13,1181015.7687272946
2020-08-14,1180302.8805193147
2020-08-17,1199809.6205955755
2020-08-18,1215084.1048945282
2020-08-19,1209840.9313624767
2020-08-20,1233689.373255817
2020-08-21,1255020.7796431272
2020-08-24,1259493.8435583266
2020-08-25,1257322.9186918053
2020-08-26,1271329.8666894215
2020-08-27,1269368.8754942266
2020-08-28,1268971.2948747973
2020-08-31,1298783.4277152033
2020-09-01,1298880.802577244
2020-09-03,1221289.2245321234
2020-09-04,1219625.5585996693
2020-09-08,1114654.9931240885
2020-09-09,1164022.9045402014
2020-09-10,1143352.6953114488
2020-09-11,1137590.3061094738
2020-09-14,1181479.741973689
2020-09-15,1210740.6207005498
2020-09-16,1186101.8730137644
2020-09-17,1162259.6511183851
2020-09-18,1159658.4259099653
2020-09-21,1179512.7451835938
2020-09-22,1181242.3369767163
2020-09-23,1122134.3624754709
2020-09-24,1133474.7428246138
2020-09-25,1166099.4871690648
2020-09-28,1188631.9017955558
2020-09-29,1184750.9260404904
2020-09-30,1203583.9690112686
2020-10-01,1235838.9899655667
2020-10-05,1262513.9595738715
2020-10-06,1253907.4948635802
2020-10-07,1270697.898614738
2020-10-08,1271516.3554512197
2020-10-09,1281844.2172060565
2020-10-12,1305579.2088471646
2020-10-13,1313147.3945639078
2020-10-14,1314861.6951633594
2020-10-15,1303958.6729225025
2020-10-16,1295246.8210725172
2020-10-19,1271880.4553060338
2020-10-20,1272189.9475760467
2020-10-21,1272727.031564962
2020-10-22,1267119.558919298
2020-10-23,1271460.8936873532
2020-10-26,1254549.171305065
2020-10-27,1267850.0560569207
2020-10-28,1218967.849459162
2020-10-29,1231698.988568268
2020-10-30,1199405.5808464503
2020-11-02,1216787.71626586
2020-11-04,1220181.4163710296
2020-11-05,1245736.6555292518
2020-11-06,1249555.8716380722
2020-11-09,1275793.5210973495
2020-11-10,1282897.0705029587
2020-11-11,1286636.9508118199
2020-11-12,1279326.1929423255
2020-11-13,1308871.6489849144
2020-11-16,1325934.4172184514
2020-11-17,1332765.72879389
2020-11-18,1347263.177274018
2020-11-19,1359573.5348480127
2020-11-20,1350723.3335641124
2020-11-23,1374681.0566031004
2020-11-24,1408753.419625518
2020-11-25,1415012.8329315004
2020-11-27,1419696.3994154902
2020-11-30,1401585.8433097992
2020-12-01,1413209.3980374217
2020-12-03,1429998.6410542405
2020-12-04,1452979.1460368324
2020-12-07,1474893.3771930817
2020-12-08,1493904.921361252
2020-12-09,1482698.117078493
2020-12-10,1490369.8356788573
2020-12-11,1467832.289848721
2020-12-14,1458787.8005425348
2020-12-15,1460941.2970051751
2020-12-16,1452122.4230491999
2020-12-17,1471516.4133903836
2020-12-18,1487236.6378114459
2020-12-21,1459556.5143149684
2020-12-22,1439881.0929028583
2020-12-23,1458441.8404846971
2020-12-24,1458593.0486617775
2020-12-28,1460481.2179799338
2020-12-29,1462855.8009137453
2020-12-30,1484543.0318765992
2020-12-31,1501506.8068670784
2021-01-04,1498060.4967602675
2021-01-06,1546446.9378997583
2021-01-07,1598515.543939056
2021-01-08,1630669.7850147872
2021-01-11,1604866.0478476863
2021-01-12,1632637.7108533352
2021-01-13,1638563.1976403913
2021-01-14,1646666.5120214538
2021-01-15,1618419.2347624963
2021-01-19,1621533.6033541863
2021-01-20,1623531.9322243987
2021-01-21,1623124.0165676353
2021-01-22,1625303.309135522
2021-01-25,1630220.7305394327
2021-01-26,1627180.770885521
2021-01-27,1582965.837185194
2021-01-28,1576155.1728993466
2021-01-29,1524760.6687535862
2021-02-01,1557499.2995462401
2021-02-03,1557510.5690491588
2021-02-04,1562112.8763461525
2021-02-05,1574022.485439285
2021-02-08,1583467.2965294805
2021-02-09,1584022.384513128
2021-02-10,1567515.699919482
2021-02-11,1565786.3564504636
2021-02-12,1572976.2148378473
2021-02-16,1555065.7777644058
2021-02-17,1558629.7258806857
2021-02-18,1559419.0508537642
2021-02-19,1539319.5107853285
2021-02-22,1499862.0939519058
2021-02-23,1488435.670682082
2021-02-24,1517679.2156521864
2021-02-25,1484652.9914264951
2021-02-26,1469678.7250979296
2021-03-01,1502769.4045401826
2021-03-03,1512381.829472983
2021-03-04,1524456.6867319397
2021-03-05,1560571.1748297762
2021-03-08,1574060.6218668337
2021-03-09,1552702.7049841306
2021-03-10,1584464.9930829185
2021-03-11,1574591.7541385517
2021-03-12,1603200.2419321977
2021-03-15,1596892.5823332893
2021-03-16,1569140.6707890213
2021-03-17,1592063.6939916895
2021-03-18,1555000.3615252918
2021-03-19,1537315.9998507625
2021-03-22,1528531.5121360375
2021-03-23,1497665.5170342352
2021-03-24,1509237.106219267
2021-03-25,1517602.280070618
2021-03-26,1540536.6011668944
2021-03-29,1533835.4537024535
2021-03-30,1542758.4630323309
2021-03-31,1527026.080548984
2021-04-01,1547473.8920203785
2021-04-06,1536038.2499386978
2021-04-07,1542210.666152827
2021-04-08,1546310.2283052006
2021-04-09,1555264.5376585461
2021-04-12,1556512.5323323926
2021-04-13,1547851.9524895058
2021-04-14,1545734.7363748255
2021-04-15,1557071.1568147833
2021-04-16,1564875.240996417
2021-04-19,1556772.0503720948
2021-04-20,1546130.0068422735
2021-04-21,1559004.1805516281
2021-04-22,1540923.539191562
2021-04-23,1554752.916320196
2021-04-26,1547034.6248717364
2021-04-27,1539423.555988225
2021-04-28,1548367.9251194822
2021-04-29,1578924.6718041564
2021-04-30,1570592.7393379586
2021-05-03,1579541.3046243547
2021-05-05,1579936.2356333772
2021-05-06,1590810.4385653879
2021-05-07,1593538.692806041
2021-05-10,1582851.259066724
2021-05-11,1564469.2785872482
2021-05-12,1559219.8307114772
2021-05-13,1577551.905465848
2021-05-14,1595627.9805530237
2021-05-17,1604131.9030246718
2021-05-18,1589238.373952134
2021-05-19,1583114.9153982366
2021-05-20,1590314.6317800058
2021-05-21,1586716.8146818092
2021-05-24,1598289.8227234192
2021-05-25,1594736.7037801743
2021-05-26,1593425.88146184
2021-05-27,1595536.109158091
2021-05-28,1592400.3058810662
2021-06-01,1590873.5053410789
2021-06-03,1593901.2149842102
2021-06-04,1611129.31835362
2021-06-07,1618065.7252947434
2021-06-08,1606150.719817044
2021-06-09,1592353.3965259886
2021-06-10,1600960.9022263815
2021-06-11,1610022.1194947727
2021-06-14,1615814.3122302582
2021-06-15,1613709.7473452506
2021-06-16,1596382.4081044605
2021-06-17,1619514.1809689826
2021-06-18,1595647.606635955
2021-06-21,1608170.7130530968
2021-06-22,1626137.1127721476
2021-06-23,1628812.6329351892
2021-06-24,1640303.9491697748
2021-06-25,1638701.8066672764
2021-06-28,1672171.6255848496
2021-06-29,1661875.541780656
2021-06-30,1666319.2333236367
2021-07-01,1668885.7506884837
2021-07-06,1666397.9006062492
2021-07-07,1653792.5095310048
2021-07-08,1634081.791238783
2021-07-09,1646865.355757535
2021-07-12,1659645.8023763325
2021-07-13,1653342.7402138752
2021-07-14,1639798.4131408
2021-07-15,1615865.257271215
2021-07-16,1585781.5529857066
2021-07-19,1586644.725402118
2021-07-20,1585532.8577462193
2021-07-21,1603904.5937739764
2021-07-22,1611059.9723248642
2021-07-23,1636844.1040582468
2021-07-26,1637293.2491464093
2021-07-27,1632820.0321666165
2021-07-28,1648493.40217855
2021-07-29,1630259.8398543266
2021-07-30,1623864.0180417697
2021-08-02,1621144.429508414
2021-08-04,1610940.062603912
2021-08-05,1618468.2224889987
2021-08-06,1617653.8378315829
2021-08-09,1631684.1144008704
2021-08-10,1653146.207876491
2021-08-11,1637957.0994107912
2021-08-12,1652326.0474895372
2021-08-13,1666962.8018539408
2021-08-16,1676929.09328268
2021-08-17,1679953.8149968323
2021-08-18,1657122.7364540598
2021-08-19,1656586.8158206022
2021-08-20,1664087.6142705781
2021-08-23,1683810.8675376968
2021-08-24,1672441.5910274433
2021-08-25,1668937.6701509855
2021-08-26,1661461.8697289913
2021-08-27,1668155.272842213
2021-08-30,1676400.082318918
2021-08-31,1669472.4158611996
2021-09-01,1676511.992691745
2021-09-03,1686396.2227470258
2021-09-07,1698208.9290709817
2021-09-08,1687615.4309397198
2021-09-09,1675662.4075239736
2021-09-10,1672804.7511615849
2021-09-13,1663286.5276010472
2021-09-14,1655857.845126551
2021-09-15,1666897.2306019932
2021-09-16,1663458.6475463333
2021-09-17,1645528.3722693177
2021-09-20,1605650.234307792
2021-09-21,1606191.4048847607
2021-09-22,1636500.0694841754
2021-09-23,1655498.33613039
2021-09-24,1651604.4977285562
2021-09-27,1641885.6508193584
2021-09-28,1592007.0643027588
2021-09-29,1593383.598471139
2021-09-30,1599079.9833575478
2021-10-01,1611163.9283023514
2021-10-05,1625211.6054106879
2021-10-06,1618056.5562873487
2021-10-07,1619687.6572737154
2021-10-08,1640650.7250756575
2021-10-11,1624988.128139926
2021-10-12,1617850.1019053052
2021-10-13,1615840.5318130406
2021-10-14,1625613.1950128302
2021-10-15,1629319.769871157
2021-10-18,1632848.1705169103
2021-10-19,1655001.9504448678
2021-10-20,1660474.2406840078
2021-10-21,1667361.8404487863
2021-10-22,1684750.1471651525
2021-10-25,1709252.2080930797
2021-10-26,1720971.2772697995
2021-10-27,1693148.982841324
2021-10-28,1733901.5042267093
2021-10-29,1750768.9066057533
2021-11-01,1755389.092489817
2021-11-03,1789935.598984228
2021-11-04,1829399.8258647784
2021-11-05,1771820.6150572316
2021-11-08,1766346.071528248
2021-11-09,1710824.3714092379
2021-11-10,1722782.2706089253
2021-11-11,1736045.9134325988
2021-11-12,1728421.6139770793
2021-11-15,1711982.1385852029
2021-11-16,1729470.3590603776
2021-11-17,1726593.5080389215
2021-11-18,1761167.4094876617
2021-11-19,1768087.2005277458
2021-11-22,1769666.746081221
2021-11-23,1757719.6033279032
2021-11-24,1764419.1350478586
2021-11-26,1720922.0996773813
2021-11-29,1734351.4661202119
2021-11-30,1715114.7970855206
2021-12-01,1673199.8817502495
2021-12-03,1655618.0246020025
2021-12-06,1641070.2913873487
2021-12-07,1690786.0265836245
2021-12-08,1684527.526670129
2021-12-09,1668523.9497545974
2021-12-10,1685114.3579064256
2021-12-13,1655728.6502654187
2021-12-14,1654511.1840195996
2021-12-15,1726797.23044735
2021-12-16,1689445.6258081372
2021-12-17,1654128.1324156562
2021-12-20,1660571.1144422984
2021-12-21,1676872.1746272317
2021-12-22,1700732.1064790676
2021-12-23,1704005.618306382
2021-12-27,1743674.0076237696
2021-12-28,1725991.431704486
2021-12-29,1723257.0810618266
2021-12-30,1719313.8380156318
2021-12-31,1724889.655809866
2022-01-03,1727366.2720353846
2022-01-05,1728404.5127893293
2022-01-06,1701845.820419211
2022-01-07,1702983.9612982112
2022-01-10,1719202.6425775187
2022-01-11,1726240.2629986396
2022-01-12,1737428.0679422517
2022-01-13,1700388.6771446131
2022-01-14,1713445.7580788776
2022-01-18,1694588.0752999363
2022-01-19,1681317.0966431943
2022-01-20,1678292.4655467563
2022-01-21,1649702.0475966453
2022-01-24,1641227.6348514196
2022-01-25,1644669.7857812012
2022-01-26,1660645.8045192591
2022-01-27,1649066.8833743217
2022-01-28,1677389.731558583
2022-01-31,1681800.2939546872
2022-02-01,1681674.4328900417
2022-02-03,1675713.8201921561
2022-02-04,1684971.8631135854
2022-02-07,1707932.871529215
2022-02-08,1695125.575833924
2022-02-09,1673918.7990684893
2022-02-10,1666076.8852814254
2022-02-11,1679828.3243469568
2022-02-14,1661134.5705415688
2022-02-15,1659516.0958195156
2022-02-16,1674650.3843693023
2022-02-17,1663651.615633492
2022-02-18,1648824.5932208307
2022-02-22,1639707.8854754206
2022-02-23,1646297.0880265133
2022-02-24,1623575.100558436
2022-02-25,1675467.8124455009
2022-02-28,1676597.215803257
2022-03-01,1670734.4069212559
2022-03-03,1681035.8495708148
2022-03-04,1700206.7015953145
2022-03-07,1696656.187478326
2022-03-08,1685943.8038969168
2022-03-09,1677609.9393991
2022-03-10,1694912.6549173794
2022-03-11,1691367.5661357762
2022-03-14,1696008.968707217
2022-03-15,1691830.061744747
2022-03-16,1688503.8831218209
2022-03-17,1716882.1187198495
2022-03-18,1724422.1721174421
2022-03-21,1743451.8985655403
2022-03-22,1740639.6143302238
2022-03-23,1741373.3603629842
2022-03-24,1753468.2466022503
2022-03-25,1775679.37656626
2022-03-28,1767497.5419555872
2022-03-29,1759814.2310761122
2022-03-30,1772899.6204064216
2022-03-31,1755994.3784760993
2022-04-01,1771698.3049380344
2022-04-05,1754254.1828334506
2022-04-06,1759537.8979620738
2022-04-07,1781451.2549194852
2022-04-08,1774930.8280399279
2022-04-11,1729814.3417541564
2022-04-12,1721332.087587191
2022-04-13,1735277.3574138966
2022-04-14,1727990.2996452276
2022-04-18,1722237.7349408418
2022-04-19,1736468.884485447
2022-04-20,1722356.0534171197
2022-04-21,1724671.405094814
2022-04-22,1692714.163278601
2022-04-25,1701330.2729553278
2022-04-26,1644769.4304754648
2022-04-27,1645202.6858980344
2022-04-28,1671242.92042066
2022-04-29,1590562.452602649
2022-05-02,1597476.0410406028
2022-05-04,1629556.225147371
2022-05-05,1611508.7530747862
2022-05-06,1611775.196275905
2022-05-09,1598480.9952127358
2022-05-10,1593001.5321814755
2022-05-11,1600256.2303924756
2022-05-12,1613390.8389121012
2022-05-13,1622892.9076056292
2022-05-16,1640191.8097877856
2022-05-17,1619861.775824345
2022-05-18,1561956.3456683017
2022-05-19,1545685.363825277
2022-05-20,1566450.554142243
2022-05-23,1597759.531841284
2022-05-24,1616694.3691315122
2022-05-25,1611413.24112603
2022-05-26,1611763.516473004
2022-05-27,1627358.8116557717
2022-05-31,1608452.88009035
2022-06-01,1596306.18353378
2022-06-03,1610784.8582527104
2022-06-06,1608370.3683314084
2022-06-07,1644874.5164743804
2022-06-08,1642993.197509919
2022-06-09,1604634.9667335383
2022-06-10,1571733.9478729686
2022-06-13,1512738.0513663022
2022-06-14,1508739.4433371313
2022-06-15,1499685.109443573
2022-06-16,1459219.1155392805
2022-06-17,1417984.517648621
2022-06-21,1482806.321816853
2022-06-22,1474145.9473397757
2022-06-23,1466551.5063094655
2022-06-24,1492140.4818660656
2022-06-27,1513765.34257749
2022-06-28,1510370.849435378
2022-06-29,1498523.125453475
2022-06-30,1490236.571256862
2022-07-01,1505292.3171168307
2022-07-06,1511591.6262004024
2022-07-07,1506758.4430838388
2022-07-08,1512175.1587424362
2022-07-11,1516824.0415421221
2022-07-12,1508268.2604793194
2022-07-13,1496775.310305229
2022-07-14,1496024.75656193
2022-07-15,1530549.652302285
2022-07-18,1497030.48832567
2022-07-19,1512964.4815790963
2022-07-20,1480717.1454847448
2022-07-21,1484417.7887941515
2022-07-22,1486701.2406519048
2022-07-25,1502204.0424249074
2022-07-26,1514462.2292392256
2022-07-27,1515763.6452269868
2022-07-28,1517107.1596063946
2022-07-29,1499843.782651368
2022-08-01,1484978.6078981126
2022-08-03,1504206.4562714663
2022-08-04,1514632.7489771503
2022-08-05,1508756.8785620024
2022-08-08,1523012.0587335771
2022-08-09,1514858.2120400795
2022-08-10,1563363.4118398144
2022-08-11,1568935.2749219742
2022-08-12,1598317.3389215055
2022-08-15,1591129.7954832003
2022-08-16,1589185.5052835678
2022-08-17,1566813.1397553175
2022-08-18,1574896.8575207824
2022-08-19,1552531.6554361603
2022-08-22,1497905.5805183896
2022-08-23,1509514.2972387783
2022-08-24,1520297.6698447235
2022-08-25,1546089.459844846
2022-08-26,1468168.586053027
2022-08-29,1468600.6520751915
2022-08-30,1444629.1460386815
2022-08-31,1436127.2483461034
2022-09-01,1447554.0861665823
2022-09-06,1432848.4465775308
2022-09-07,1442177.8535617138
2022-09-08,1450839.07219203
2022-09-09,1472703.275136632
2022-09-12,1490143.394450486
2022-09-13,1450830.5908121096
2022-09-14,1480156.544362815
2022-09-15,1456306.9259004437
2022-09-16,1444819.0194713618
2022-09-19,1451072.3516167402
2022-09-20,1443604.4749304736
2022-09-21,1435698.6863418
2022-09-22,1427526.328314173
2022-09-23,1366319.875860476
2022-09-26,1357171.031767576
2022-09-27,1357752.015289681
2022-09-28,1404801.3586768925
2022-09-29,1399234.6604449404
2022-09-30,1375720.4109600126
2022-10-03,1431381.9598526456
2022-10-05,1422178.7564388884
2022-10-06,1425256.8151933656
2022-10-07,1397402.3818858457
2022-10-10,1414041.7582076099
2022-10-11,1397616.2381820513
2022-10-12,1404153.540172611
2022-10-13,1453098.8609942608
2022-10-14,1428731.721278118
2022-10-17,1463484.105438155
2022-10-18,1465321.341552775
2022-10-19,1517001.81265056
2022-10-20,1512952.476269216
2022-10-21,1570227.4976691052
2022-10-24,1577089.952835718
2022-10-25,1588515.3710652848
2022-10-26,1613192.191326122
2022-10-27,1615425.377345065
2022-10-28,1624734.8050150422
2022-10-31,1617231.1574320013
2022-11-01,1607973.1306710353
2022-11-03,1610394.461395062
2022-11-04,1620759.8682972256
2022-11-07,1629915.963229609
2022-11-08,1645556.0410087192
2022-11-09,1615397.5601739427
2022-11-10,1663616.8631726808
2022-11-11,1680045.2592396575
2022-11-14,1692864.016083282
2022-11-15,1718826.5694711723
2022-11-16,1709312.365719914
2022-11-17,1700877.221399798
2022-11-18,1706739.6500655783
2022-11-21,1708481.5408588808
2022-11-22,1730091.6242930752
2022-11-23,1730853.4840897904
2022-11-25,1723059.628417416
2022-11-28,1712304.3259759957
2022-11-29,1720910.2278898875
2022-11-30,1763841.7031190947
2022-12-01,1778812.0917653858
2022-12-05,1766326.9947020095
2022-12-06,1750196.246944041
2022-12-07,1760111.2134761047
2022-12-08,1768453.0325286242
2022-12-09,1746280.7966963304
2022-12-12,1762309.5617070028
2022-12-13,1771195.2097211357
2022-12-14,1773026.1255231265
2022-12-15,1736436.3188703938
2022-12-16,1720417.7317954658
2022-12-19,1722419.0288626498
2022-12-20,1726012.763145874
2022-12-21,1749835.0006367792
2022-12-22,1746546.9866971746
2022-12-23,1748973.805702623
2022-12-27,1745325.5020491844
2022-12-28,1723239.434388392
2022-12-29,1736488.272083685
2022-12-30,1734625.294151335
2023-01-03,1742744.4221282622
2023-01-05,1742174.4178305897
2023-01-06,1786669.2232475262
2023-01-09,1749559.0260554291
2023-01-10,1753525.325856596
2023-01-11,1751249.6617341626
2023-01-12,1765194.8061734606
2023-01-13,1777211.2541089966
2023-01-17,1759732.9686051502
2023-01-18,1728632.351917607
2023-01-19,1710782.0550950011
2023-01-20,1719883.8697490275
2023-01-23,1721206.6790694073
2023-01-24,1727851.9463825151
2023-01-25,1730838.529186442
2023-01-26,1728406.859389669
2023-01-27,1721234.6538948622
2023-01-30,1717753.4672449855
2023-01-31,1718593.9687728793
2023-02-01,1714961.028721676
2023-02-03,1686684.337072605
2023-02-06,1696042.1619344472
2023-02-07,1733545.5320242252
2023-02-08,1723362.0909195791
2023-02-09,1717977.0729331258
2023-02-10,1669403.1696128268
2023-02-13,1696300.520992357
2023-02-14,1752704.7318805258
2023-02-15,1759303.1247535334
2023-02-16,1704318.520044377
2023-02-17,1700242.0106469907
2023-02-21,1657598.9548471232
2023-02-22,1668549.8167197302
2023-02-23,1729437.07495854
2023-02-24,1709456.6186928395
2023-02-27,1734608.2324069764
2023-02-28,1743747.4001839838
2023-03-01,1720050.342156065
2023-03-03,1750894.4755934307
2023-03-06,1754646.393878067
2023-03-07,1739625.7588994934
2023-03-08,1744492.3181017481
2023-03-09,1742228.3012298117
2023-03-10,1735360.145052834
2023-03-13,1729915.5423603144
2023-03-14,1786398.2884312598
2023-03-15,1788829.5795852016
2023-03-16,1835179.0899066147
2023-03-17,1809561.197832034
2023-03-20,1822706.4804651206
2023-03-21,1845651.7311782425
2023-03-22,1823127.2073479944
2023-03-23,1855305.8493911747
2023-03-24,1858518.5826325933
2023-03-27,1863828.776871724
2023-03-28,1857422.4992760245
2023-03-29,1875419.0405217852
2023-03-30,1887140.510348341
2023-03-31,1911730.8298661374
2023-04-03,1931564.3119191024
2023-04-05,1914001.6630889755
2023-04-06,1928058.8591844782
2023-04-10,1936396.3390199256
2023-04-11,1925464.1818692884
2023-04-12,1908336.7093992517
2023-04-13,1926609.7888280982
2023-04-14,1935055.2997332443
2023-04-17,1943509.857534087
2023-04-18,1959128.113442215
2023-04-19,1959104.2346256329
2023-04-20,1932883.237638337
2023-04-21,1935766.3113050316
2023-04-24,1938000.6375756355
2023-04-25,1900321.223699987
2023-04-26,1902309.6285750219
2023-04-27,1986547.3784501206
2023-04-28,2005001.924676354
2023-05-01,2040626.3185862312
2023-05-03,2034043.8708019422
2023-05-04,2023093.5527347056
2023-05-05,2027633.7241429854
2023-05-08,2026544.0580186336
2023-05-09,2020882.4441461163
2023-05-10,2021904.1849642068
2023-05-11,2030004.3626053247
2023-05-12,2031665.7879575023
2023-05-15,2037901.1644673592
2023-05-16,2032647.7060378413
2023-05-17,2032124.5029390366
2023-05-18,2029631.659731423
2023-05-19,2035307.2291948642
2023-05-22,2008879.5117816515
2023-05-23,1992073.7207291792
2023-05-24,1989983.6238235713
2023-05-25,1986988.5014776506
2023-05-26,2001693.5203674235
2023-05-30,1983057.2887628765
2023-05-31,1990079.5802697537
2023-06-01,2017539.613290694
2023-06-05,2021850.3006729616
2023-06-06,2018397.314952636
2023-06-07,1968424.218431089
2023-06-08,1996761.0648725012
2023-06-09,2011226.1671323746
2023-06-12,2042141.1259371426
2023-06-13,2076092.4360374897
2023-06-14,2106276.2115372326
2023-06-15,2124022.492371049
2023-06-16,2101028.019349576
2023-06-20,2118394.4707769435
2023-06-21,2083465.2350605994
2023-06-22,2104253.773682142
2023-06-23,2094679.8479949052
2023-06-26,2035580.0593694355
2023-06-27,2064790.8895396553
2023-06-28,2076822.3578423879
2023-06-29,2061401.1415669143
2023-06-30,2106819.2990231505
2023-07-03,2107737.682787312
2023-07-06,2074613.8581981238
2023-07-07,2072826.2521914518
2023-07-10,2075740.2455944377
2023-07-11,2087664.356607871
2023-07-12,2108926.847273107
2023-07-13,2135183.6957724593
2023-07-14,2137382.586676423
2023-07-17,2144851.545922879
2023-07-18,2165700.327048302
2023-07-19,2173048.198924086
2023-07-20,2119846.462573897
2023-07-21,2105606.8435218977
2023-07-24,2106760.286470381
2023-07-25,2110152.7191995345
2023-07-26,2101659.8090347685
2023-07-27,2099969.28560192
2023-07-28,2148724.74916873
2023-07-31,2156767.189487721
2023-08-01,2186195.4708936475
2023-08-03,2169010.315325138
2023-08-04,2147172.136799773
2023-08-07,2180508.456130796
2023-08-08,2172365.6985940523
2023-08-09,2165872.48660622
2023-08-10,2167197.631921473
2023-08-11,2173792.994056861
2023-08-14,2178699.0649396516
2023-08-15,2151101.383831999
2023-08-16,2138292.45814234
2023-08-17,2146016.5717539745
2023-08-18,2131391.5465505025
2023-08-21,2129170.0392864863
2023-08-22,2115980.5551406075
2023-08-23,2135330.597346847
2023-08-24,2113440.338935561
2023-08-25,2121562.6503049806
2023-08-28,2157913.7508583805
2023-08-29,2189431.5229381295
2023-08-30,2194149.9040111424
2023-08-31,2198602.3472921276
2023-09-01,2205956.6947984598
2023-09-06,2189751.222660735
2023-09-07,2182870.127542408
2023-09-08,2179419.265597701
2023-09-11,2187614.671621155
2023-09-12,2179911.917392631
2023-09-13,2150116.5515913083
2023-09-14,2171277.8825008827
2023-09-15,2137178.239733505
2023-09-18,2135965.0593241192
2023-09-19,2123990.6888433294
2023-09-20,2097906.8464726186
2023-09-21,2056252.3259344378
2023-09-22,2062428.1659736682
2023-09-25,2063588.5844252347
2023-09-26,2044679.7268588722
2023-09-27,2053132.4843921887
2023-09-28,2068310.744006773
2023-09-29,2061164.4626187752
2023-10-02,2057798.6244113273
2023-10-04,2038341.712070616
2023-10-05,2032452.5266135528
2023-10-06,2037303.9061457454
2023-10-09,2067119.4723053784
2023-10-10,2065409.993372238
2023-10-11,2046991.9137116338
2023-10-12,2047150.826392938
2023-10-13,2075895.0013170347
2023-10-16,2077101.8014540633
2023-10-17,2093663.8819718976
2023-10-18,2096939.4044399657
2023-10-19,2077807.4263670146
2023-10-20,2058783.4936201614
2023-10-23,2039398.305316261
2023-10-24,2040741.7560457299
2023-10-25,2035474.8935471328
2023-10-26,2021033.7098676593
2023-10-27,1977358.1515665303
2023-10-30,2003377.2521556253
2023-10-31,2007375.2308363372
2023-11-01,2010729.637288525
2023-11-03,2013964.1307574343
2023-11-06,2023753.0348927767
2023-11-07,2030600.8148360597
2023-11-08,2029383.3335394147
2023-11-09,2021114.1871371868
2023-11-10,2051440.5233989763
2023-11-13,2054052.38537966
2023-11-14,2062558.0075213711
2023-11-15,2084491.3160165127
2023-11-16,2054757.9658199153
2023-11-17,2044852.0093346469
2023-11-20,2060223.5681206326
2023-11-21,2063861.2821537585
2023-11-22,2072572.2723373119
2023-11-24,2080442.2490205697
2023-11-27,2082141.2599281583
2023-11-28,2094005.254428657
2023-11-29,2075727.359628841
2023-11-30,2080475.0229116003
2023-12-01,2063999.822418222
2023-12-05,2056641.3897494976
2023-12-06,2058732.1265534728
2023-12-07,2064465.4052763665
2023-12-08,2082283.9239771545
2023-12-11,2087850.5702358228
2023-12-12,2092313.0695716364
2023-12-13,2118004.981633604
2023-12-14,2128579.278189338
2023-12-15,2141001.2054336313
2023-12-18,2140037.4878990827
2023-12-19,2161577.4880838064
2023-12-20,2129910.395932983
2023-12-21,2149538.048667952
2023-12-22,2150572.526007013
2023-12-26,2165587.552596646
2023-12-27,2167063.7297292706
2023-12-28,2167540.5725835655
2023-12-29,2167149.63396291
2024-01-02,2158315.956861087
2024-01-04,2167952.3962195124
2024-01-05,2181609.5829853932
2024-01-08,2188126.4460832197
2024-01-09,2187426.603192476
2024-01-10,2176493.629489172
2024-01-11,2179268.2807577057
2024-01-12,2156755.476565141
2024-01-16,2150965.2077465616
2024-01-17,2126723.1636129264
2024-01-18,2114272.3711570567
2024-01-19,2128969.512297103
2024-01-22,2143495.6066556773
2024-01-23,2095966.3915389716
2024-01-24,2093696.5396820991
2024-01-25,2116308.9504931285
2024-01-26,2125835.8446602942
2024-01-29,2140003.5906528463
2024-01-30,2139846.0094797313
2024-01-31,2127295.014972138
2024-02-01,2159805.6161919427
2024-02-05,2172262.180062315
2024-02-06,2170819.4667789666
2024-02-07,2182815.2269235314
2024-02-08,2173648.143869842
2024-02-09,2166679.5180272344
2024-02-12,2168624.8739348003
2024-02-13,2150534.5479990467
2024-02-14,2183889.0188818593
2024-02-15,2211007.9642202235
2024-02-16,2207352.35760299
2024-02-20,2181289.9224598613
2024-02-21,2188772.319507661
2024-02-22,2242379.760514159
2024-02-23,2243154.344187989
2024-02-26,2244782.736120665
2024-02-27,2258670.5938692824
2024-02-28,2253002.9520247723
2024-02-29,2260606.3926074104
2024-03-01,2285500.485817711
2024-03-05,2294066.4216575306
2024-03-06,2328269.0707979547
2024-03-07,2369568.9549535476
2024-03-08,2332615.9498938625
2024-03-11,2322967.6845577057
2024-03-12,2381545.487826436
2024-03-13,2377371.4075238802
2024-03-14,2351831.5291286404
2024-03-15,2343327.6752887126
2024-03-18,2356624.91084537
2024-03-19,2371134.346469219
2024-03-20,2376344.2637773524
2024-03-21,2396175.462442841
2024-03-22,2406419.799624285
2024-03-25,2402375.98582569
2024-03-26,2387682.743140462
2024-03-27,2393983.07757088
2024-03-28,2384003.2480963566
2024-04-01,2378542.0897868555
2024-04-03,2409444.725557806
2024-04-04,2364188.1130082263
2024-04-05,2412760.978863746
2024-04-08,2403592.627888219
2024-04-09,2395892.340105756
2024-04-10,2407646.75752618
2024-04-11,2433477.8537609354
2024-04-12,2398178.457010833
2024-04-15,2378729.122035094
2024-04-16,2379675.123694861
2024-04-17,2363831.907920388
2024-04-18,2362679.99043257
2024-04-19,2309165.08885605
2024-04-22,2346050.741086022
2024-04-23,2399445.2868891363
2024-04-24,2379962.3862749636
2024-04-25,2375458.045380905
2024-04-26,2453831.8146751537
2024-04-29,2448843.039514746
2024-04-30,2413942.8433270482
2024-05-01,2393697.9004837745
2024-05-03,2404098.362947844
2024-05-06,2419981.7309928904
2024-05-07,2425818.1934279306
2024-05-08,2420877.922882155
2024-05-09,2425013.629611548
2024-05-10,2415863.5296809766
2024-05-13,2406657.782105268
2024-05-14,2418666.2294114004
2024-05-15,2446066.912243368
2024-05-16,2468494.3936092053
2024-05-17,2473154.019793908
2024-05-20,2469818.9108574274
2024-05-21,2479613.8720134953
2024-05-22,2458289.624276511
2024-05-23,2447188.18114888
2024-05-24,2463176.542344212
2024-05-28,2454980.9341318915
2024-05-29,2423305.211411305
2024-05-30,2423225.637295142
2024-05-31,2445957.3392174654
2024-06-03,2432291.315542038
2024-06-05,2471963.8570495117
2024-06-06,2450646.331319414
2024-06-07,2450058.9081636406
2024-06-10,2457366.5457103867
2024-06-11,2455275.7323693438
2024-06-12,2468612.5018296363
2024-06-13,2491835.46606346
2024-06-14,2501750.4811917758
2024-06-17,2493335.5794784133
2024-06-18,2523135.7450715215
2024-06-20,2516359.0154798627
2024-06-21,2502859.1361281965
2024-06-24,2481493.7642651713
2024-06-25,2503671.5163616333
2024-06-26,2501458.201928003
2024-06-27,2503427.931283446
2024-06-28,2492739.8282312127
2024-07-01,2489095.4515502043
2024-07-03,2520557.38152188
2024-07-05,2574881.9833554197
2024-07-08,2572003.1399930487
2024-07-09,2588363.76692156
2024-07-10,2618498.7894607843
2024-07-11,2546810.283007659
2024-07-12,2562214.2949770503
2024-07-15,2585848.0715249106
2024-07-16,2589404.2684747903
2024-07-17,2562664.462839384
2024-07-18,2535771.5421516285
2024-07-19,2519089.664138425
2024-07-22,2551432.7529992033
2024-07-23,2548650.675388338
2024-07-24,2445393.783554532
2024-07-25,2426490.132111046
2024-07-26,2469887.6531291576
2024-07-29,2497243.530877741
2024-07-30,2484550.330771531
2024-07-31,2511119.034841421
2024-08-01,2480930.089759918
2024-08-05,2431932.891953939
2024-08-06,2425642.7702789367
2024-08-07,2415875.285171943
2024-08-08,2439975.181362116
2024-08-09,2429153.0237372234
2024-08-12,2424183.817152917
2024-08-13,2442357.425295917
2024-08-14,2455204.6642036727
2024-08-15,2461379.3626466286
2024-08-16,2458915.586179354
2024-08-19,2475287.1000811183
2024-08-20,2480651.2516079475
2024-08-21,2493999.987191405
2024-08-22,2489739.300432053
2024-08-23,2513128.2719318643
2024-08-26,2527915.3497430678
2024-08-27,2520228.4876624104
2024-08-28,2522637.9204583243
2024-08-29,2530717.2782975957
2024-08-30,2551713.8437997834
2024-09-03,2537840.3465812714
2024-09-05,2510223.498505251
2024-09-06,2490927.7651747474
2024-09-09,2510724.6286895573
2024-09-10,2530996.1507680295
2024-09-11,2518936.329872129
2024-09-12,2535152.789352399
2024-09-13,2557747.2737486786
2024-09-16,2575671.5761169917
2024-09-17,2552810.3656246285
2024-09-18,2550657.9665599912
2024-09-19,2531560.958738597
2024-09-20,2550940.5014266325
2024-09-23,2563302.8697933774
2024-09-24,2569429.1466456708
2024-09-25,2565455.550356112
2024-09-26,2568909.9669962716
2024-09-27,2561839.0777212307
2024-09-30,2570413.306161449
2024-10-01,2574351.308334004
2024-10-03,2563657.0691910386
2024-10-04,2582417.602392299
2024-10-07,2562153.028382233
2024-10-08,2556575.634921976
2024-10-09,2578749.885633326
2024-10-10,2564044.9865212077
2024-10-11,2577005.6919062356
2024-10-14,2579668.4765260266
2024-10-15,2582987.189471441
2024-10-16,2592943.969844204
2024-10-17,2589740.3346313033
2024-10-18,2590134.5174133955
2024-10-21,2573258.833516049
2024-10-22,2562459.793856294
2024-10-23,2522584.7510176804
2024-10-24,2541515.7849123976
2024-10-25,2516661.929132658
2024-10-28,2556203.8419767604
2024-10-29,2532577.212246402
2024-10-30,2502632.091317795
2024-10-31,2502214.6581355883
2024-11-01,2508006.742367073
2024-11-05,2539866.2638341733
2024-11-06,2683280.850236787
2024-11-07,2676623.706754436
2024-11-08,2719097.807387936
2024-11-11,2691543.3267331207
2024-11-12,2664020.132251838
2024-11-13,2673564.9668380404
2024-11-14,2639581.5143181738
2024-11-15,2639173.5871319966
2024-11-18,2667376.081805176
2024-11-19,2697442.139691358
2024-11-20,2704925.1952677667
2024-11-21,2739093.292623621
2024-11-22,2801295.3535929183
2024-11-25,2782455.1332236123
2024-11-26,2820933.6076580733
2024-11-27,2824675.468862503
2024-11-29,2838219.3386969934
2024-12-02,2845071.0246967054
2024-12-04,2847010.364547572
2024-12-05,2870001.638946991
2024-12-06,2888313.8756385334
2024-12-09,2841748.945558677
2024-12-10,2851666.53104235
2024-12-11,2861615.702245565
2024-12-12,2834818.685261192
2024-12-13,2844811.730653221
2024-12-16,2871367.6482903254
2024-12-17,2865251.4699804736
2024-12-18,2793667.1311572324
2024-12-19,2789326.8773608543
2024-12-20,2786623.5184292025
2024-12-23,2780126.7822891446
2024-12-24,2837132.492603079
2024-12-26,2838190.9830660825
2024-12-27,2801473.3232613774
2024-12-30,2764126.016610125
2024-12-31,2753912.490160656
2025-01-02,2725748.4887798596
2025-01-06,2752203.15695327
2025-01-07,2727030.1723919176
2025-01-08,2716103.656221016
2025-01-10,2697019.0061612837
2025-01-13,2705780.969057064
2025-01-14,2671582.6486872053
2025-01-15,2760727.1701217988
2025-01-16,2741604.682385529
2025-01-17,2786647.343967992
2025-01-21,2816477.5291505293
2025-01-22,2805078.5152865
2025-01-23,2822968.688005941
2025-01-24,2810856.0154812355
2025-01-27,2771600.6079228516
2025-01-28,2794798.0380516574
2025-01-29,2764339.5181101616
2025-01-30,2830872.770119745
2025-01-31,2833829.721223178
2025-02-03,2779345.911374893
2025-02-05,2792150.9870620747
2025-02-06,2781440.3351781657
2025-02-07,2756476.312061243
2025-02-10,2776821.04476129
2025-02-11,2782607.965094438
2025-02-12,2898730.039072601
2025-02-13,2949471.5618456826
2025-02-14,2946585.374377005
2025-02-18,2932093.29933605
2025-02-19,2947782.0099547645
2025-02-20,2868882.830084856
2025-02-21,2794513.365941809
2025-02-24,2772454.198376535
2025-02-25,2807272.2903658026
2025-02-26,2814775.279605591
2025-02-27,2824237.641574717
2025-02-28,2886063.0313907145
2025-03-03,2850126.032147803
2025-03-05,2877829.471921819
2025-03-06,2874500.969183025
2025-03-07,2912086.3382821945
2025-03-10,2912679.7792941495
2025-03-11,2887403.2248142413
2025-03-12,2856399.7110914686
2025-03-13,2862051.121332261
2025-03-14,2861760.9211600004
2025-03-17,2891511.222241426
2025-03-18,2898030.2660063733
2025-03-19,2889653.0745917596
2025-03-20,2901048.4068500237
2025-03-21,2869469.609667142
2025-03-24,2873598.086276991
2025-03-25,2823671.3801947576
2025-03-26,2846658.6100560776
2025-03-27,2869331.7232447574
2025-03-28,2872448.532844768
2025-03-31,2915868.7692714613
2025-04-01,2854239.916218239
2025-04-03,2818236.850591553
2025-04-04,2653663.324478733
2025-04-07,2628427.497770761
2025-04-08,2661366.5230636937
2025-04-09,2776877.610157833
2025-04-10,2717267.208669079
2025-04-11,2749668.551555333
2025-04-14,2755946.143139486
2025-04-15,2750571.7265667003
2025-04-16,2750191.8955098265
2025-04-17,2722195.306763307
2025-04-21,2667717.0039160913
2025-04-22,2724196.2046511187
2025-04-23,2715629.014293889
2025-04-24,2730173.152128922
2025-04-25,2714884.9093416673
2025-04-28,2715769.2893467583
2025-04-29,2714897.834312062
2025-04-30,2715843.799839539
2025-05-01,2726370.272497411
2025-05-05,2709045.0171993794
2025-05-06,2668519.077044883
2025-05-07,2684035.240998765
2025-05-08,2674337.3508738885
2025-05-09,2670208.576108535
2025-05-12,2689499.7660061233
2025-05-13,2700429.76069528
2025-05-14,2675728.351237533
2025-05-15,2712524.6149769663
2025-05-16,2744554.6451150896
2025-05-19,2752346.44419366
2025-05-20,2753599.5340973455
2025-05-21,2721986.450170109
2025-05-22,2717522.2494618953
2025-05-23,2720191.665553624
2025-05-27,2754612.19058286
2025-05-28,2740630.1300954297
2025-05-29,2751326.463658878
2025-05-30,2777217.8508523833
2025-06-02,2803729.0906779696
2025-06-04,2798173.395561055
2025-06-05,2729025.98210343
2025-06-06,2756369.817941216
2025-06-09,2753227.616152902
2025-06-10,2742420.908867115
2025-06-11,2751992.0737463655
2025-06-12,2726260.5129296896
2025-06-13,2705374.0636526598
2025-06-16,2721297.9236866157
2025-06-17,2690518.837271476
2025-06-18,2698550.880054155
2025-06-20,2717947.36605916
2025-06-23,2796968.975130069
2025-06-24,2802647.466199814
2025-06-25,2787372.4164551194
2025-06-26,2800020.1757614296
2025-06-27,2830113.0916842343
2025-06-30,2834167.9579745834
2025-07-01,2775248.795483609
2025-07-03,2799992.4072840447
2025-07-07,2766883.6357199242
2025-07-08,2744332.491989991
2025-07-09,2770806.775493707
2025-07-10,2783249.105185024
2025-07-11,2773091.7627306124
2025-07-14,2790539.5187632237
2025-07-15,2795105.550705458
2025-07-16,2809286.4584861
2025-07-17,2842107.115037084
2025-07-18,2808555.1848076787
2025-07-21,2810248.0846789577
2025-07-22,2794996.863815128
2025-07-23,2834493.562777198
2025-07-24,2845304.9125175574
2025-07-25,2866217.137842211
2025-07-28,2857144.026919272
2025-07-29,2853201.8412827663
2025-07-30,2874599.037969191
2025-07-31,2867234.611374938
2025-08-01,2820471.041308674
2025-08-05,2807251.9366524466
2025-08-06,2803710.6675609555
2025-08-07,2792627.002157243
2025-08-08,2822001.6301463195
2025-08-11,2807634.013992187
2025-08-12,2829565.5524988887
2025-08-13,2815682.2828058978
2025-08-14,2829047.531772052
2025-08-15,2814425.374990367
2025-08-18,2825269.699806595
2025-08-19,2814204.6364549566
2025-08-20,2819515.884623705
2025-08-21,2817716.508213237
2025-08-22,2873325.071365386
2025-08-25,2874352.212383333
2025-08-26,2882225.5420845454
2025-08-27,2887096.5331630544
2025-08-28,2896158.1869583516
2025-08-29,2864729.3395681735
2025-09-02,2849111.350316087
2025-09-04,2863955.36504761
2025-09-05,2868454.889403569
2025-09-08,2839188.9549192525
2025-09-09,2911563.0267756106
2025-09-10,2935408.1203463622
2025-09-11,2965992.47922313
2025-09-12,2966815.4140535435
2025-09-15,2980307.6493901554
2025-09-16,2973133.2085321806
2025-09-17,2982811.9740687218
2025-09-18,2972529.5272427853
2025-09-19,2989938.8403249714
2025-09-22,2984065.7282301993
2025-09-23,3017751.4624890117
2025-09-24,3010024.9027901073
2025-09-25,2985538.7894503847
2025-09-26,3009534.671185316
2025-09-29,2997343.300355566
2025-09-30,3001693.0293581802
2025-10-01,3031360.2957365434
2025-10-03,3038262.96637572
2025-10-06,3039899.4391832417
2025-10-07,3020551.8131273715
2025-10-08,3049786.092843615
2025-10-09,3042307.1054562274
2025-10-10,2993909.7834538547
2025-10-13,3038902.184488455
2025-10-14,3063208.287530536
2025-10-15,3077553.8389528636
2025-10-16,3084885.786079625
2025-10-17,3095792.2234207103
2025-10-20,3136622.0018846137
2025-10-21,3113679.329737491
2025-10-22,3083433.7535060416
2025-10-23,3100679.1941913893
2025-10-24,3085902.889861475
2025-10-27,3117697.6057838104
2025-10-28,3105856.4266090686
2025-10-29,3188443.4655701625
2025-10-30,3189948.40445503
2025-10-31,3159522.944784209
2025-11-03,3126108.94514035
2025-11-05,3185735.1591010764
2025-11-06,3170640.466312355
2025-11-07,3150408.213697372
2025-11-10,3204068.179378483
2025-11-11,3225220.8357954905
2025-11-12,3205824.9749003737
2025-11-13,3137050.9692558316
2025-11-14,3118351.636344229
2025-11-17,3123666.4749304997
2025-11-18,3090713.356341154
2025-11-19,3120109.613091586
2025-11-20,3077355.695295977
2025-11-21,3142521.576820586
2025-11-24,3224173.0324183227
2025-11-25,3262310.13040283
2025-11-26,3266047.310357828
2025-11-28,3287449.239719164
2025-12-01,3264144.3946795654
2025-12-03,3295591.7498806114
2025-12-04,3271863.3278833986
2025-12-05,3271906.712328856
2025-12-08,3234692.5101204747
2025-12-09,3229070.718789853
2025-12-10,3261503.43001274
2025-12-11,3283467.560091185
2025-12-12,3296547.20475745
2025-12-15,3309710.4653299665
2025-12-16,3261362.618860642
2025-12-17,3243725.0891306247
2025-12-18,3259532.773206137
2025-12-19,3266705.592108775
2025-12-22,3296751.026679228
2025-12-23,3294358.7474155324
2025-12-24,3317604.6114140805
2025-12-26,3318765.8997024084
2025-12-29,3321786.5317389984
2025-12-30,3311420.826248742
2025-12-31,3298996.765782356
2026-01-02,3328789.242989907
2026-01-06,3330988.8368076216
2026-01-07,3348000.667579932
2026-01-08,3359542.0818778807
2026-01-09,3368667.442304806
2026-01-12,3360573.8779214127
2026-01-13,3367942.6336264485
2026-01-14,3371673.7887079287
2026-01-15,3405368.4714520634
2026-01-16,3386073.8590344153
2026-01-20,3324637.1635382106
2026-01-21,3364278.2113088765
2026-01-22,3357058.8454319867
2026-01-23,3332136.8065416156
2026-01-26,3353399.580357432
2026-01-27,3370448.497888732
2026-01-28,3368713.3082764675
2026-01-29,3395591.813554686
2026-01-30,3418425.721969098
2026-02-02,3476672.704156136
